Local time,Ask,Bid,AskVolume,BidVolume
06.04.2021 08:30:00.211 GMT-0500,30.831999999999997,30.718000000000004,0.0008,0.0008
06.04.2021 08:30:00.320 GMT-0500,30.773000000000003,30.717,0.0008,0.075
06.04.2021 08:30:00.370 GMT-0500,30.833000000000002,30.697,0.1,0.1
06.04.2021 08:30:00.434 GMT-0500,30.740000000000002,30.697,0.0008,0.1
06.04.2021 08:30:00.484 GMT-0500,30.831999999999997,30.698000000000004,0.1,0.1
06.04.2021 08:30:01.393 GMT-0500,30.743000000000002,30.697,0.1,0.1
06.04.2021 08:30:01.443 GMT-0500,30.831999999999997,30.698000000000004,0.1,0.1
06.04.2021 08:30:02.010 GMT-0500,30.743000000000002,30.697,0.1,0.1
06.04.2021 08:30:02.060 GMT-0500,30.833000000000002,30.697,0.1,0.1
06.04.2021 08:30:07.105 GMT-0500,30.833000000000002,30.697,0.1,0.1
06.04.2021 08:30:07.155 GMT-0500,30.833000000000002,30.697,0.1,0.1
06.04.2021 08:30:08.191 GMT-0500,30.740000000000002,30.697,0.0008,0.1
06.04.2021 08:30:08.241 GMT-0500,30.772,30.698000000000004,0.1,0.1
06.04.2021 08:30:10.164 GMT-0500,30.831999999999997,30.698000000000004,0.1,0.1
06.04.2021 08:30:11.228 GMT-0500,30.822,30.698000000000004,0.0008,0.1
06.04.2021 08:30:11.589 GMT-0500,30.831999999999997,30.698000000000004,0.1,0.1
06.04.2021 08:30:12.670 GMT-0500,30.823000000000004,30.697,0.0008,0.1
06.04.2021 08:30:12.913 GMT-0500,30.831999999999997,30.698000000000004,0.1,0.1
06.04.2021 08:30:19.009 GMT-0500,30.831999999999997,30.698000000000004,0.1,0.1
06.04.2021 08:30:19.110 GMT-0500,30.833000000000002,30.697,0.1,0.1
06.04.2021 08:30:25.654 GMT-0500,30.753000000000004,30.697,0.0008,0.1
06.04.2021 08:30:26.416 GMT-0500,30.753000000000004,30.706999999999997,0.1,0.0008
06.04.2021 08:30:26.535 GMT-0500,30.741999999999997,30.708000000000002,0.1,0.1
06.04.2021 08:30:26.585 GMT-0500,30.741999999999997,30.708000000000002,0.1,0.1
06.04.2021 08:30:27.253 GMT-0500,30.741999999999997,30.698000000000004,0.1,0.1
06.04.2021 08:30:28.976 GMT-0500,30.743000000000002,30.706999999999997,0.1,0.0008
06.04.2021 08:30:29.077 GMT-0500,30.743000000000002,30.697,0.1,0.1
06.04.2021 08:30:34.168 GMT-0500,30.743000000000002,30.706999999999997,0.1,0.075
06.04.2021 08:30:34.292 GMT-0500,30.752,30.718000000000004,0.1,0.1
06.04.2021 08:30:34.701 GMT-0500,30.741999999999997,30.718000000000004,0.1,0.0008
06.04.2021 08:30:34.751 GMT-0500,30.741999999999997,30.708000000000002,0.1,0.1
06.04.2021 08:30:34.802 GMT-0500,30.732,30.698000000000004,0.1,0.1
06.04.2021 08:30:35.223 GMT-0500,30.732,30.708000000000002,0.1,0.075
06.04.2021 08:30:35.273 GMT-0500,30.741999999999997,30.708000000000002,0.1,0.1
06.04.2021 08:30:35.440 GMT-0500,30.743000000000002,30.706999999999997,0.1,0.1
06.04.2021 08:30:35.491 GMT-0500,30.732,30.698000000000004,0.1,0.1
06.04.2021 08:30:35.997 GMT-0500,30.733000000000004,30.706999999999997,0.1,0.1
06.04.2021 08:30:36.114 GMT-0500,30.723000000000003,30.706999999999997,0.1,0.1
06.04.2021 08:30:36.214 GMT-0500,30.723000000000003,30.697,0.1,0.1
06.04.2021 08:30:36.264 GMT-0500,30.733000000000004,30.706999999999997,0.1,0.1
06.04.2021 08:30:36.365 GMT-0500,30.712,30.698000000000004,0.1,0.1
06.04.2021 08:30:36.538 GMT-0500,30.712,30.708000000000002,0.0008,0.075
06.04.2021 08:30:36.588 GMT-0500,30.723000000000003,30.706999999999997,0.1,0.1
06.04.2021 08:30:36.712 GMT-0500,30.721999999999998,30.698000000000004,0.1,0.1
06.04.2021 08:30:37.564 GMT-0500,30.721999999999998,30.708000000000002,0.1,0.0008
06.04.2021 08:30:37.614 GMT-0500,30.723000000000003,30.697,0.1,0.1
06.04.2021 08:30:38.129 GMT-0500,30.723000000000003,30.706999999999997,0.0008,0.075
06.04.2021 08:30:38.180 GMT-0500,30.733000000000004,30.706999999999997,0.1,0.1
06.04.2021 08:30:38.230 GMT-0500,30.723000000000003,30.697,0.1,0.1
06.04.2021 08:30:38.711 GMT-0500,30.721999999999998,30.698000000000004,0.1,0.1
06.04.2021 08:30:38.762 GMT-0500,30.721999999999998,30.698000000000004,0.1,0.1
06.04.2021 08:30:40.140 GMT-0500,30.732,30.718000000000004,0.1,0.1
06.04.2021 08:30:40.604 GMT-0500,30.723000000000003,30.706999999999997,0.1,0.1
06.04.2021 08:30:40.655 GMT-0500,30.733000000000004,30.706999999999997,0.1,0.1
06.04.2021 08:30:41.814 GMT-0500,30.732,30.718000000000004,0.1,0.075
06.04.2021 08:30:41.914 GMT-0500,30.733000000000004,30.706999999999997,0.1,0.1
06.04.2021 08:30:42.020 GMT-0500,30.733000000000004,30.717,0.1,0.0008
06.04.2021 08:30:46.900 GMT-0500,30.741999999999997,30.728,0.1,0.1
06.04.2021 08:30:46.951 GMT-0500,30.743000000000002,30.717,0.1,0.1
06.04.2021 08:30:50.971 GMT-0500,30.752,30.728,0.1,0.0008
06.04.2021 08:30:51.021 GMT-0500,30.753000000000004,30.727,0.1,0.1
06.04.2021 08:30:51.506 GMT-0500,30.743000000000002,30.727,0.0008,0.1
06.04.2021 08:30:56.826 GMT-0500,30.741999999999997,30.718000000000004,0.1,0.1
06.04.2021 08:30:58.251 GMT-0500,30.732,30.718000000000004,0.1,0.1
06.04.2021 08:30:59.455 GMT-0500,30.743000000000002,30.717,0.1,0.1
06.04.2021 08:30:59.619 GMT-0500,30.743000000000002,30.727,0.1,0.1
06.04.2021 08:30:59.669 GMT-0500,30.743000000000002,30.717,0.1,0.1
06.04.2021 08:31:00.080 GMT-0500,30.733000000000004,30.717,0.1,0.1
06.04.2021 08:31:00.840 GMT-0500,30.732,30.708000000000002,0.1,0.1
06.04.2021 08:31:02.879 GMT-0500,30.723000000000003,30.706999999999997,0.1,0.1
06.04.2021 08:31:03.238 GMT-0500,30.713,30.706999999999997,0.0008,0.075
06.04.2021 08:31:03.289 GMT-0500,30.712,30.698000000000004,0.1,0.1
06.04.2021 08:31:05.488 GMT-0500,30.723000000000003,30.706999999999997,0.1,0.1
06.04.2021 08:31:07.605 GMT-0500,30.713,30.697,0.1,0.1
06.04.2021 08:31:09.734 GMT-0500,30.723000000000003,30.706999999999997,0.1,0.0008
06.04.2021 08:31:09.785 GMT-0500,30.723000000000003,30.706999999999997,0.1,0.1
06.04.2021 08:31:20.726 GMT-0500,30.733000000000004,30.706999999999997,0.1,0.1
06.04.2021 08:31:23.996 GMT-0500,30.723000000000003,30.706999999999997,0.1,0.1
06.04.2021 08:31:27.430 GMT-0500,30.732,30.708000000000002,0.1,0.1
06.04.2021 08:31:28.969 GMT-0500,30.721999999999998,30.708000000000002,0.0008,0.1
06.04.2021 08:31:29.070 GMT-0500,30.733000000000004,30.706999999999997,0.1,0.1
06.04.2021 08:31:29.474 GMT-0500,30.721999999999998,30.708000000000002,0.1,0.1
06.04.2021 08:31:29.619 GMT-0500,30.733000000000004,30.706999999999997,0.1,0.1
06.04.2021 08:31:29.904 GMT-0500,30.723000000000003,30.706999999999997,0.1,0.1
06.04.2021 08:31:31.724 GMT-0500,30.713,30.697,0.1,0.1
06.04.2021 08:31:31.972 GMT-0500,30.721999999999998,30.698000000000004,0.1,0.1
06.04.2021 08:31:33.858 GMT-0500,30.723000000000003,30.697,0.1,0.1
06.04.2021 08:31:33.959 GMT-0500,30.723000000000003,30.697,0.1,0.1
06.04.2021 08:31:35.326 GMT-0500,30.712,30.698000000000004,0.1,0.1
06.04.2021 08:31:42.218 GMT-0500,30.723000000000003,30.697,0.1,0.1
06.04.2021 08:31:44.471 GMT-0500,30.713,30.697,0.0008,0.1
06.04.2021 08:31:53.418 GMT-0500,30.701999999999998,30.688000000000002,0.1,0.1
06.04.2021 08:31:56.780 GMT-0500,30.713,30.686999999999998,0.1,0.1
06.04.2021 08:31:59.410 GMT-0500,30.701999999999998,30.688000000000002,0.1,0.1
06.04.2021 08:32:01.856 GMT-0500,30.713,30.697,0.1,0.0008
06.04.2021 08:32:01.906 GMT-0500,30.713,30.697,0.1,0.1
06.04.2021 08:32:03.287 GMT-0500,30.723000000000003,30.697,0.1,0.1
06.04.2021 08:32:04.161 GMT-0500,30.732,30.708000000000002,0.1,0.1
06.04.2021 08:32:06.647 GMT-0500,30.732,30.718000000000004,0.1,0.075
06.04.2021 08:32:08.485 GMT-0500,30.732,30.708000000000002,0.1,0.1
06.04.2021 08:32:10.659 GMT-0500,30.733000000000004,30.706999999999997,0.1,0.1
06.04.2021 08:32:11.262 GMT-0500,30.713,30.697,0.1,0.1
06.04.2021 08:32:11.418 GMT-0500,30.721999999999998,30.698000000000004,0.1,0.1
06.04.2021 08:32:11.747 GMT-0500,30.713,30.697,0.1,0.1
06.04.2021 08:32:11.945 GMT-0500,30.723000000000003,30.697,0.1,0.1
06.04.2021 08:32:12.347 GMT-0500,30.723000000000003,30.706999999999997,0.1,0.0008
06.04.2021 08:32:12.648 GMT-0500,30.712,30.698000000000004,0.1,0.1
06.04.2021 08:32:13.007 GMT-0500,30.701999999999998,30.688000000000002,0.1,0.1
06.04.2021 08:32:18.810 GMT-0500,30.703000000000003,30.677,0.1,0.1
06.04.2021 08:32:19.263 GMT-0500,30.701999999999998,30.688000000000002,0.1,0.075
06.04.2021 08:32:20.846 GMT-0500,30.703000000000003,30.697,0.0008,0.075
06.04.2021 08:32:20.896 GMT-0500,30.712,30.698000000000004,0.1,0.1
06.04.2021 08:32:20.947 GMT-0500,30.723000000000003,30.706999999999997,0.1,0.1
06.04.2021 08:32:20.997 GMT-0500,30.723000000000003,30.697,0.1,0.1
06.04.2021 08:32:21.556 GMT-0500,30.713,30.697,0.1,0.1
06.04.2021 08:32:21.957 GMT-0500,30.723000000000003,30.697,0.1,0.1
06.04.2021 08:32:22.083 GMT-0500,30.712,30.698000000000004,0.1,0.1
06.04.2021 08:32:24.053 GMT-0500,30.723000000000003,30.706999999999997,0.1,0.0008
06.04.2021 08:32:24.103 GMT-0500,30.721999999999998,30.708000000000002,0.1,0.1
06.04.2021 08:32:24.301 GMT-0500,30.721999999999998,30.698000000000004,0.1,0.1
06.04.2021 08:32:24.781 GMT-0500,30.723000000000003,30.706999999999997,0.1,0.1
06.04.2021 08:32:25.703 GMT-0500,30.733000000000004,30.706999999999997,0.1,0.1
06.04.2021 08:32:27.161 GMT-0500,30.733000000000004,30.717,0.1,0.1
06.04.2021 08:32:33.702 GMT-0500,30.721999999999998,30.708000000000002,0.1,0.1
06.04.2021 08:32:33.753 GMT-0500,30.732,30.708000000000002,0.1,0.1
06.04.2021 08:32:33.941 GMT-0500,30.732,30.708000000000002,0.1,0.1
06.04.2021 08:32:37.072 GMT-0500,30.721999999999998,30.718000000000004,0.0008,0.075
06.04.2021 08:32:37.122 GMT-0500,30.733000000000004,30.717,0.1,0.1
06.04.2021 08:32:37.559 GMT-0500,30.723000000000003,30.717,0.0008,0.075
06.04.2021 08:32:37.609 GMT-0500,30.723000000000003,30.706999999999997,0.1,0.1
06.04.2021 08:32:37.661 GMT-0500,30.721999999999998,30.718000000000004,0.0008,0.075
06.04.2021 08:32:37.711 GMT-0500,30.732,30.708000000000002,0.1,0.1
06.04.2021 08:32:38.973 GMT-0500,30.723000000000003,30.706999999999997,0.0008,0.1
06.04.2021 08:32:39.436 GMT-0500,30.732,30.718000000000004,0.1,0.1
06.04.2021 08:32:45.184 GMT-0500,30.741999999999997,30.728,0.1,0.1
06.04.2021 08:32:47.044 GMT-0500,30.752,30.728,0.1,0.1
06.04.2021 08:32:48.804 GMT-0500,30.741999999999997,30.728,0.0008,0.1
06.04.2021 08:32:49.028 GMT-0500,30.752,30.728,0.1,0.1
06.04.2021 08:32:49.079 GMT-0500,30.741999999999997,30.728,0.1,0.1
06.04.2021 08:32:49.194 GMT-0500,30.753000000000004,30.727,0.1,0.1
06.04.2021 08:32:49.286 GMT-0500,30.752,30.728,0.1,0.1
06.04.2021 08:32:56.221 GMT-0500,30.753000000000004,30.727,0.1,0.1
06.04.2021 08:32:58.194 GMT-0500,30.752,30.738000000000003,0.1,0.1
06.04.2021 08:33:08.049 GMT-0500,30.752,30.748,0.0008,0.075
06.04.2021 08:33:08.100 GMT-0500,30.763,30.747,0.1,0.1
06.04.2021 08:33:08.150 GMT-0500,30.752,30.738000000000003,0.1,0.1
06.04.2021 08:33:08.610 GMT-0500,30.763,30.747,0.1,0.1
06.04.2021 08:33:08.813 GMT-0500,30.752,30.738000000000003,0.1,0.1
06.04.2021 08:33:11.477 GMT-0500,30.763,30.737,0.1,0.1
06.04.2021 08:33:11.767 GMT-0500,30.752,30.738000000000003,0.0008,0.1
06.04.2021 08:33:15.542 GMT-0500,30.741999999999997,30.738000000000003,0.0008,0.075
06.04.2021 08:33:15.592 GMT-0500,30.743000000000002,30.727,0.1,0.1
06.04.2021 08:33:22.284 GMT-0500,30.733000000000004,30.717,0.1,0.1
06.04.2021 08:33:31.079 GMT-0500,30.743000000000002,30.717,0.1,0.1
06.04.2021 08:33:31.180 GMT-0500,30.741999999999997,30.728,0.1,0.0008
06.04.2021 08:33:31.230 GMT-0500,30.743000000000002,30.717,0.1,0.1
06.04.2021 08:33:31.699 GMT-0500,30.733000000000004,30.717,0.1,0.1
06.04.2021 08:33:32.535 GMT-0500,30.741999999999997,30.718000000000004,0.1,0.1
06.04.2021 08:33:32.747 GMT-0500,30.733000000000004,30.717,0.0008,0.1
06.04.2021 08:33:37.396 GMT-0500,30.743000000000002,30.727,0.1,0.1
06.04.2021 08:33:56.328 GMT-0500,30.752,30.738000000000003,0.1,0.0008
06.04.2021 08:33:56.378 GMT-0500,30.752,30.738000000000003,0.1,0.1
06.04.2021 08:33:58.610 GMT-0500,30.743000000000002,30.737,0.0008,0.075
06.04.2021 08:33:58.660 GMT-0500,30.741999999999997,30.728,0.1,0.1
06.04.2021 08:33:59.585 GMT-0500,30.741999999999997,30.718000000000004,0.1,0.1
06.04.2021 08:34:01.043 GMT-0500,30.732,30.718000000000004,0.1,0.1
06.04.2021 08:34:01.353 GMT-0500,30.732,30.708000000000002,0.1,0.1
06.04.2021 08:34:01.453 GMT-0500,30.733000000000004,30.717,0.1,0.1
06.04.2021 08:34:02.350 GMT-0500,30.733000000000004,30.706999999999997,0.1,0.1
06.04.2021 08:34:03.035 GMT-0500,30.733000000000004,30.717,0.1,0.0008
06.04.2021 08:34:11.800 GMT-0500,30.732,30.708000000000002,0.1,0.1
06.04.2021 08:34:13.341 GMT-0500,30.732,30.718000000000004,0.1,0.1
06.04.2021 08:34:14.443 GMT-0500,30.721999999999998,30.708000000000002,0.1,0.1
06.04.2021 08:34:16.028 GMT-0500,30.732,30.718000000000004,0.1,0.1
06.04.2021 08:34:28.938 GMT-0500,30.741999999999997,30.718000000000004,0.1,0.1
06.04.2021 08:34:29.055 GMT-0500,30.743000000000002,30.717,0.1,0.1
06.04.2021 08:34:35.128 GMT-0500,30.732,30.728,0.0008,0.075
06.04.2021 08:34:35.178 GMT-0500,30.741999999999997,30.728,0.1,0.1
06.04.2021 08:34:43.866 GMT-0500,30.753000000000004,30.737,0.1,0.1
06.04.2021 08:34:49.342 GMT-0500,30.752,30.728,0.1,0.1
06.04.2021 08:34:49.393 GMT-0500,30.743000000000002,30.727,0.1,0.1
06.04.2021 08:34:51.616 GMT-0500,30.733000000000004,30.727,0.0008,0.075
06.04.2021 08:34:51.666 GMT-0500,30.733000000000004,30.717,0.1,0.1
06.04.2021 08:34:57.883 GMT-0500,30.741999999999997,30.718000000000004,0.1,0.1
06.04.2021 08:34:58.747 GMT-0500,30.733000000000004,30.717,0.0008,0.1
06.04.2021 08:35:01.469 GMT-0500,30.743000000000002,30.717,0.1,0.1
06.04.2021 08:35:02.370 GMT-0500,30.733000000000004,30.717,0.1,0.1
06.04.2021 08:35:02.486 GMT-0500,30.741999999999997,30.718000000000004,0.1,0.1
06.04.2021 08:35:02.931 GMT-0500,30.733000000000004,30.717,0.1,0.1
06.04.2021 08:35:03.937 GMT-0500,30.743000000000002,30.717,0.1,0.1
06.04.2021 08:35:03.987 GMT-0500,30.743000000000002,30.727,0.1,0.1
06.04.2021 08:35:06.651 GMT-0500,30.733000000000004,30.717,0.1,0.1
06.04.2021 08:35:19.381 GMT-0500,30.741999999999997,30.728,0.1,0.1
06.04.2021 08:35:23.293 GMT-0500,30.753000000000004,30.727,0.1,0.1
06.04.2021 08:35:23.415 GMT-0500,30.741999999999997,30.728,0.1,0.1
06.04.2021 08:35:24.054 GMT-0500,30.752,30.738000000000003,0.1,0.1
06.04.2021 08:35:30.095 GMT-0500,30.741999999999997,30.728,0.1,0.1
06.04.2021 08:35:30.316 GMT-0500,30.743000000000002,30.727,0.1,0.0008
06.04.2021 08:35:30.366 GMT-0500,30.732,30.708000000000002,0.1,0.1
06.04.2021 08:35:30.420 GMT-0500,30.732,30.708000000000002,0.1,0.1
06.04.2021 08:35:30.521 GMT-0500,30.733000000000004,30.706999999999997,0.1,0.1
06.04.2021 08:35:30.704 GMT-0500,30.733000000000004,30.706999999999997,0.1,0.1
06.04.2021 08:35:34.092 GMT-0500,30.732,30.718000000000004,0.1,0.1
06.04.2021 08:35:54.622 GMT-0500,30.721999999999998,30.708000000000002,0.1,0.1
06.04.2021 08:36:00.788 GMT-0500,30.713,30.697,0.1,0.1
06.04.2021 08:36:02.361 GMT-0500,30.713,30.706999999999997,0.0008,0.075
06.04.2021 08:36:02.411 GMT-0500,30.723000000000003,30.706999999999997,0.1,0.1
06.04.2021 08:36:05.015 GMT-0500,30.733000000000004,30.717,0.1,0.1
06.04.2021 08:36:10.301 GMT-0500,30.721999999999998,30.708000000000002,0.1,0.1
06.04.2021 08:36:11.142 GMT-0500,30.723000000000003,30.717,0.0008,0.075
06.04.2021 08:36:11.192 GMT-0500,30.733000000000004,30.717,0.1,0.1
06.04.2021 08:36:18.456 GMT-0500,30.723000000000003,30.706999999999997,0.1,0.1
06.04.2021 08:36:22.200 GMT-0500,30.732,30.718000000000004,0.1,0.1
06.04.2021 08:36:22.402 GMT-0500,30.721999999999998,30.708000000000002,0.1,0.1
06.04.2021 08:36:26.535 GMT-0500,30.723000000000003,30.697,0.1,0.1
06.04.2021 08:36:26.586 GMT-0500,30.713,30.697,0.1,0.1
06.04.2021 08:36:32.613 GMT-0500,30.723000000000003,30.697,0.1,0.1
06.04.2021 08:36:32.663 GMT-0500,30.713,30.697,0.1,0.1
06.04.2021 08:36:33.186 GMT-0500,30.721999999999998,30.698000000000004,0.1,0.1
06.04.2021 08:36:33.324 GMT-0500,30.713,30.697,0.1,0.1
06.04.2021 08:36:34.128 GMT-0500,30.723000000000003,30.697,0.1,0.1
06.04.2021 08:36:34.178 GMT-0500,30.712,30.698000000000004,0.1,0.1
06.04.2021 08:36:37.615 GMT-0500,30.721999999999998,30.708000000000002,0.1,0.1
06.04.2021 08:36:47.546 GMT-0500,30.732,30.708000000000002,0.1,0.1
06.04.2021 08:36:47.748 GMT-0500,30.721999999999998,30.708000000000002,0.1,0.1
06.04.2021 08:36:47.798 GMT-0500,30.732,30.708000000000002,0.1,0.1
06.04.2021 08:36:47.848 GMT-0500,30.721999999999998,30.708000000000002,0.1,0.1
06.04.2021 08:36:48.603 GMT-0500,30.732,30.708000000000002,0.1,0.1
06.04.2021 08:36:49.413 GMT-0500,30.721999999999998,30.708000000000002,0.0008,0.1
06.04.2021 08:36:50.766 GMT-0500,30.733000000000004,30.717,0.1,0.1
06.04.2021 08:36:59.943 GMT-0500,30.733000000000004,30.706999999999997,0.1,0.1
06.04.2021 08:37:00.044 GMT-0500,30.721999999999998,30.708000000000002,0.1,0.1
06.04.2021 08:37:00.340 GMT-0500,30.732,30.708000000000002,0.1,0.1
06.04.2021 08:37:00.795 GMT-0500,30.721999999999998,30.708000000000002,0.1,0.1
06.04.2021 08:37:01.098 GMT-0500,30.732,30.708000000000002,0.1,0.1
06.04.2021 08:37:01.148 GMT-0500,30.721999999999998,30.708000000000002,0.1,0.1
06.04.2021 08:37:04.721 GMT-0500,30.733000000000004,30.706999999999997,0.1,0.1
06.04.2021 08:37:04.771 GMT-0500,30.733000000000004,30.717,0.1,0.1
06.04.2021 08:37:06.951 GMT-0500,30.741999999999997,30.728,0.1,0.0008
06.04.2021 08:37:07.002 GMT-0500,30.741999999999997,30.728,0.1,0.1
06.04.2021 08:37:10.987 GMT-0500,30.753000000000004,30.737,0.1,0.1
06.04.2021 08:37:14.096 GMT-0500,30.753000000000004,30.727,0.1,0.1
06.04.2021 08:37:15.550 GMT-0500,30.752,30.738000000000003,0.1,0.075
06.04.2021 08:37:55.947 GMT-0500,30.752,30.728,0.1,0.1
06.04.2021 08:37:56.647 GMT-0500,30.753000000000004,30.737,0.1,0.1
06.04.2021 08:38:00.950 GMT-0500,30.762,30.748,0.1,0.1
06.04.2021 08:38:07.836 GMT-0500,30.762,30.738000000000003,0.1,0.1
06.04.2021 08:38:08.146 GMT-0500,30.763,30.747,0.1,0.1
06.04.2021 08:38:09.238 GMT-0500,30.753000000000004,30.737,0.1,0.1
06.04.2021 08:38:30.419 GMT-0500,30.762,30.748,0.1,0.1
06.04.2021 08:38:54.779 GMT-0500,30.763,30.756999999999998,0.0008,0.075
06.04.2021 08:38:54.829 GMT-0500,30.782,30.768000000000004,0.1,0.1
06.04.2021 08:38:59.794 GMT-0500,30.772,30.768000000000004,0.0008,0.075
06.04.2021 08:38:59.845 GMT-0500,30.772,30.758000000000003,0.1,0.1
06.04.2021 08:39:16.545 GMT-0500,30.762,30.748,0.1,0.1
06.04.2021 08:39:20.124 GMT-0500,30.773000000000003,30.747,0.1,0.1
06.04.2021 08:39:20.290 GMT-0500,30.763,30.747,0.0008,0.1
06.04.2021 08:39:20.976 GMT-0500,30.773000000000003,30.756999999999998,0.1,0.1
06.04.2021 08:39:39.977 GMT-0500,30.782,30.768000000000004,0.1,0.1
06.04.2021 08:39:59.191 GMT-0500,30.802,30.788000000000004,0.1,0.1
06.04.2021 08:40:08.230 GMT-0500,30.813000000000002,30.797,0.1,0.1
06.04.2021 08:40:08.994 GMT-0500,30.813000000000002,30.787,0.1,0.1
06.04.2021 08:40:09.044 GMT-0500,30.813000000000002,30.797,0.1,0.1
06.04.2021 08:40:09.366 GMT-0500,30.811999999999998,30.798000000000002,0.1,0.0008
06.04.2021 08:40:09.417 GMT-0500,30.802,30.788000000000004,0.1,0.1
06.04.2021 08:40:13.503 GMT-0500,30.803,30.776999999999997,0.1,0.1
06.04.2021 08:40:13.553 GMT-0500,30.791999999999998,30.778000000000002,0.1,0.1
06.04.2021 08:40:14.244 GMT-0500,30.783,30.776999999999997,0.0008,0.075
06.04.2021 08:40:14.294 GMT-0500,30.783,30.767,0.1,0.1
06.04.2021 08:40:14.650 GMT-0500,30.791999999999998,30.778000000000002,0.1,0.1
06.04.2021 08:40:20.450 GMT-0500,30.782,30.768000000000004,0.1,0.1
06.04.2021 08:40:25.183 GMT-0500,30.791999999999998,30.778000000000002,0.1,0.1
06.04.2021 08:40:29.474 GMT-0500,30.802,30.788000000000004,0.1,0.0008
06.04.2021 08:40:29.524 GMT-0500,30.803,30.787,0.1,0.1
06.04.2021 08:40:34.181 GMT-0500,30.791999999999998,30.778000000000002,0.1,0.1
06.04.2021 08:40:42.805 GMT-0500,30.783,30.776999999999997,0.0008,0.075
06.04.2021 08:40:42.855 GMT-0500,30.782,30.768000000000004,0.1,0.1
06.04.2021 08:40:49.725 GMT-0500,30.791999999999998,30.778000000000002,0.1,0.1
06.04.2021 08:40:51.957 GMT-0500,30.793000000000003,30.767,0.1,0.1
06.04.2021 08:40:52.007 GMT-0500,30.782,30.768000000000004,0.1,0.1
06.04.2021 08:40:53.928 GMT-0500,30.772,30.758000000000003,0.1,0.1
06.04.2021 08:40:58.223 GMT-0500,30.783,30.767,0.1,0.1
06.04.2021 08:41:03.178 GMT-0500,30.783,30.756999999999998,0.1,0.1
06.04.2021 08:41:04.299 GMT-0500,30.782,30.768000000000004,0.1,0.1
06.04.2021 08:41:12.842 GMT-0500,30.793000000000003,30.776999999999997,0.1,0.1
06.04.2021 08:41:13.430 GMT-0500,30.782,30.768000000000004,0.1,0.1
06.04.2021 08:41:19.669 GMT-0500,30.793000000000003,30.767,0.1,0.1
06.04.2021 08:41:19.936 GMT-0500,30.793000000000003,30.776999999999997,0.1,0.1
06.04.2021 08:41:23.729 GMT-0500,30.803,30.787,0.1,0.1
06.04.2021 08:41:35.733 GMT-0500,30.803,30.797,0.0008,0.075
06.04.2021 08:41:35.783 GMT-0500,30.813000000000002,30.797,0.1,0.1
06.04.2021 08:41:37.832 GMT-0500,30.811999999999998,30.788000000000004,0.1,0.1
06.04.2021 08:41:37.882 GMT-0500,30.811999999999998,30.798000000000002,0.1,0.1
06.04.2021 08:41:46.486 GMT-0500,30.822,30.808000000000003,0.1,0.0008
06.04.2021 08:41:46.537 GMT-0500,30.822,30.808000000000003,0.1,0.1
06.04.2021 08:41:48.591 GMT-0500,30.822,30.798000000000002,0.1,0.1
06.04.2021 08:41:48.728 GMT-0500,30.822,30.808000000000003,0.1,0.0008
06.04.2021 08:42:17.299 GMT-0500,30.811999999999998,30.798000000000002,0.1,0.1
06.04.2021 08:42:47.774 GMT-0500,30.802,30.788000000000004,0.1,0.1
06.04.2021 08:42:47.824 GMT-0500,30.813000000000002,30.787,0.1,0.1
06.04.2021 08:42:47.925 GMT-0500,30.803,30.787,0.1,0.1
06.04.2021 08:42:50.109 GMT-0500,30.811999999999998,30.788000000000004,0.1,0.1
06.04.2021 08:42:50.937 GMT-0500,30.803,30.787,0.1,0.1
06.04.2021 08:42:51.236 GMT-0500,30.811999999999998,30.788000000000004,0.1,0.1
06.04.2021 08:42:51.520 GMT-0500,30.813000000000002,30.797,0.1,0.1
06.04.2021 08:42:52.505 GMT-0500,30.803,30.787,0.1,0.1
06.04.2021 08:42:55.078 GMT-0500,30.813000000000002,30.787,0.1,0.1
06.04.2021 08:42:55.420 GMT-0500,30.813000000000002,30.797,0.1,0.075
06.04.2021 08:42:56.922 GMT-0500,30.813000000000002,30.787,0.1,0.1
06.04.2021 08:42:57.867 GMT-0500,30.813000000000002,30.797,0.1,0.1
06.04.2021 08:42:59.501 GMT-0500,30.813000000000002,30.787,0.1,0.1
06.04.2021 08:43:00.786 GMT-0500,30.811999999999998,30.798000000000002,0.1,0.1
06.04.2021 08:43:02.298 GMT-0500,30.823000000000004,30.807,0.1,0.1
06.04.2021 08:43:03.589 GMT-0500,30.831999999999997,30.818,0.1,0.1
06.04.2021 08:43:04.244 GMT-0500,30.831999999999997,30.808000000000003,0.1,0.1
06.04.2021 08:43:04.681 GMT-0500,30.831999999999997,30.818,0.1,0.075
06.04.2021 08:43:05.254 GMT-0500,30.822,30.808000000000003,0.1,0.1
06.04.2021 08:43:06.622 GMT-0500,30.831999999999997,30.818,0.1,0.1
06.04.2021 08:43:15.233 GMT-0500,30.833000000000002,30.807,0.1,0.1
06.04.2021 08:43:16.191 GMT-0500,30.831999999999997,30.808000000000003,0.1,0.1
06.04.2021 08:43:21.146 GMT-0500,30.822,30.798000000000002,0.1,0.1
06.04.2021 08:43:21.266 GMT-0500,30.813000000000002,30.797,0.1,0.1
06.04.2021 08:43:23.283 GMT-0500,30.823000000000004,30.807,0.1,0.1
06.04.2021 08:43:23.434 GMT-0500,30.822,30.798000000000002,0.1,0.1
06.04.2021 08:43:24.370 GMT-0500,30.822,30.808000000000003,0.1,0.0008
06.04.2021 08:43:26.109 GMT-0500,30.813000000000002,30.797,0.1,0.1
06.04.2021 08:43:33.467 GMT-0500,30.822,30.798000000000002,0.1,0.1
06.04.2021 08:43:33.518 GMT-0500,30.823000000000004,30.807,0.1,0.1
06.04.2021 08:43:36.293 GMT-0500,30.833000000000002,30.817,0.1,0.0008
06.04.2021 08:43:36.343 GMT-0500,30.833000000000002,30.817,0.1,0.1
06.04.2021 08:43:36.494 GMT-0500,30.831999999999997,30.808000000000003,0.1,0.1
06.04.2021 08:43:37.403 GMT-0500,30.831999999999997,30.818,0.1,0.1
06.04.2021 08:43:45.140 GMT-0500,30.822,30.808000000000003,0.1,0.1
06.04.2021 08:43:45.243 GMT-0500,30.833000000000002,30.817,0.1,0.1
06.04.2021 08:43:53.564 GMT-0500,30.842,30.828000000000003,0.1,0.1
06.04.2021 08:43:59.233 GMT-0500,30.833000000000002,30.817,0.1,0.1
06.04.2021 08:44:14.459 GMT-0500,30.842,30.818,0.1,0.1
06.04.2021 08:44:14.546 GMT-0500,30.831999999999997,30.818,0.0008,0.1
06.04.2021 08:44:15.445 GMT-0500,30.842,30.818,0.1,0.1
06.04.2021 08:44:15.603 GMT-0500,30.831999999999997,30.818,0.1,0.1
06.04.2021 08:44:15.718 GMT-0500,30.843000000000004,30.817,0.1,0.1
06.04.2021 08:44:15.829 GMT-0500,30.843000000000004,30.817,0.1,0.1
06.04.2021 08:44:16.025 GMT-0500,30.843000000000004,30.817,0.1,0.1
06.04.2021 08:44:16.199 GMT-0500,30.842,30.828000000000003,0.1,0.1
06.04.2021 08:44:25.896 GMT-0500,30.831999999999997,30.828000000000003,0.0008,0.075
06.04.2021 08:44:25.946 GMT-0500,30.833000000000002,30.817,0.1,0.1
06.04.2021 08:44:26.946 GMT-0500,30.842,30.828000000000003,0.1,0.1
06.04.2021 08:44:38.758 GMT-0500,30.852,30.838,0.1,0.1
06.04.2021 08:44:39.229 GMT-0500,30.843000000000004,30.826999999999998,0.1,0.1
06.04.2021 08:44:44.023 GMT-0500,30.852,30.838,0.1,0.1
06.04.2021 08:44:52.191 GMT-0500,30.863000000000003,30.846999999999998,0.1,0.1
06.04.2021 08:44:59.616 GMT-0500,30.863000000000003,30.837,0.1,0.1
06.04.2021 08:44:59.667 GMT-0500,30.853,30.837,0.1,0.1
06.04.2021 08:45:00.936 GMT-0500,30.862,30.838,0.1,0.1
06.04.2021 08:45:00.986 GMT-0500,30.863000000000003,30.846999999999998,0.1,0.1
06.04.2021 08:45:02.027 GMT-0500,30.863000000000003,30.837,0.1,0.1
06.04.2021 08:45:02.185 GMT-0500,30.852,30.838,0.1,0.1
06.04.2021 08:45:06.851 GMT-0500,30.863000000000003,30.837,0.1,0.1
06.04.2021 08:45:07.183 GMT-0500,30.852,30.838,0.1,0.1
06.04.2021 08:45:07.290 GMT-0500,30.863000000000003,30.837,0.1,0.1
06.04.2021 08:45:07.892 GMT-0500,30.862,30.838,0.1,0.1
06.04.2021 08:45:08.085 GMT-0500,30.863000000000003,30.837,0.1,0.1
06.04.2021 08:45:09.220 GMT-0500,30.863000000000003,30.837,0.1,0.1
06.04.2021 08:45:09.320 GMT-0500,30.862,30.838,0.1,0.1
06.04.2021 08:45:10.246 GMT-0500,30.863000000000003,30.846999999999998,0.1,0.075
06.04.2021 08:45:12.590 GMT-0500,30.852,30.848000000000003,0.0008,0.075
06.04.2021 08:45:12.640 GMT-0500,30.853,30.837,0.1,0.1
06.04.2021 08:45:23.527 GMT-0500,30.843000000000004,30.826999999999998,0.1,0.1
06.04.2021 08:45:40.393 GMT-0500,30.852,30.828000000000003,0.1,0.1
06.04.2021 08:45:41.051 GMT-0500,30.853,30.837,0.1,0.1
06.04.2021 08:46:09.114 GMT-0500,30.862,30.848000000000003,0.1,0.1
06.04.2021 08:46:09.452 GMT-0500,30.853,30.837,0.1,0.1
06.04.2021 08:46:10.709 GMT-0500,30.863000000000003,30.837,0.1,0.1
06.04.2021 08:46:10.759 GMT-0500,30.863000000000003,30.846999999999998,0.1,0.1
06.04.2021 08:46:30.469 GMT-0500,30.853,30.837,0.1,0.1
06.04.2021 08:47:16.389 GMT-0500,30.843000000000004,30.826999999999998,0.1,0.1
06.04.2021 08:47:19.803 GMT-0500,30.853,30.837,0.1,0.1
06.04.2021 08:47:31.786 GMT-0500,30.863000000000003,30.846999999999998,0.1,0.1
06.04.2021 08:47:33.370 GMT-0500,30.852,30.838,0.1,0.1
06.04.2021 08:47:58.553 GMT-0500,30.842,30.828000000000003,0.1,0.1
06.04.2021 08:48:11.384 GMT-0500,30.853,30.837,0.1,0.1
06.04.2021 08:48:12.818 GMT-0500,30.843000000000004,30.826999999999998,0.1,0.1
06.04.2021 08:48:29.955 GMT-0500,30.853,30.826999999999998,0.1,0.1
06.04.2021 08:48:30.005 GMT-0500,30.852,30.838,0.1,0.1
06.04.2021 08:49:21.476 GMT-0500,30.852,30.838,0.1,0.0008
06.04.2021 08:49:21.526 GMT-0500,30.842,30.828000000000003,0.1,0.1
06.04.2021 08:49:48.966 GMT-0500,30.853,30.826999999999998,0.1,0.1
06.04.2021 08:49:49.016 GMT-0500,30.853,30.837,0.1,0.1
06.04.2021 08:50:03.934 GMT-0500,30.843000000000004,30.826999999999998,0.1,0.1
06.04.2021 08:50:51.734 GMT-0500,30.833000000000002,30.817,0.1,0.1
06.04.2021 08:51:15.050 GMT-0500,30.822,30.808000000000003,0.1,0.1
06.04.2021 08:51:26.154 GMT-0500,30.831999999999997,30.818,0.1,0.1
06.04.2021 08:51:50.533 GMT-0500,30.842,30.828000000000003,0.1,0.1
06.04.2021 08:51:58.806 GMT-0500,30.853,30.837,0.1,0.1
06.04.2021 08:52:06.008 GMT-0500,30.842,30.828000000000003,0.1,0.1
06.04.2021 08:53:24.405 GMT-0500,30.853,30.837,0.1,0.0008
06.04.2021 08:53:24.455 GMT-0500,30.852,30.838,0.1,0.1
06.04.2021 08:53:28.997 GMT-0500,30.842,30.828000000000003,0.1,0.1
06.04.2021 08:54:03.791 GMT-0500,30.831999999999997,30.818,0.1,0.1
06.04.2021 08:54:28.281 GMT-0500,30.843000000000004,30.826999999999998,0.1,0.1
06.04.2021 08:54:39.984 GMT-0500,30.852,30.838,0.1,0.1
06.04.2021 08:55:33.660 GMT-0500,30.843000000000004,30.826999999999998,0.1,0.1
06.04.2021 08:55:37.972 GMT-0500,30.833000000000002,30.826999999999998,0.0008,0.075
06.04.2021 08:55:38.022 GMT-0500,30.831999999999997,30.818,0.1,0.1
06.04.2021 08:56:13.409 GMT-0500,30.843000000000004,30.826999999999998,0.1,0.1
06.04.2021 08:56:17.306 GMT-0500,30.852,30.838,0.1,0.1
06.04.2021 08:56:36.359 GMT-0500,30.862,30.848000000000003,0.1,0.1
06.04.2021 08:56:54.739 GMT-0500,30.862,30.838,0.1,0.1
06.04.2021 08:56:54.790 GMT-0500,30.863000000000003,30.846999999999998,0.1,0.1
06.04.2021 08:57:01.260 GMT-0500,30.862,30.858000000000004,0.0008,0.075
06.04.2021 08:57:01.310 GMT-0500,30.872,30.858000000000004,0.1,0.1
06.04.2021 08:57:05.128 GMT-0500,30.883000000000003,30.866999999999997,0.1,0.1
06.04.2021 08:57:13.991 GMT-0500,30.873,30.857,0.1,0.1
06.04.2021 08:57:24.076 GMT-0500,30.883000000000003,30.866999999999997,0.1,0.1
06.04.2021 08:57:34.544 GMT-0500,30.892,30.878000000000004,0.1,0.1
06.04.2021 08:57:47.706 GMT-0500,30.901999999999997,30.888,0.1,0.1
06.04.2021 08:57:47.976 GMT-0500,30.893000000000004,30.877,0.1,0.1
06.04.2021 08:57:51.635 GMT-0500,30.881999999999998,30.868000000000002,0.1,0.1
06.04.2021 08:57:54.506 GMT-0500,30.892,30.878000000000004,0.1,0.1
06.04.2021 08:58:06.783 GMT-0500,30.893000000000004,30.866999999999997,0.1,0.1
06.04.2021 08:58:06.834 GMT-0500,30.881999999999998,30.868000000000002,0.1,0.1
06.04.2021 08:58:12.277 GMT-0500,30.892,30.868000000000002,0.1,0.1
06.04.2021 08:58:12.327 GMT-0500,30.881999999999998,30.868000000000002,0.1,0.1
06.04.2021 08:58:22.145 GMT-0500,30.893000000000004,30.877,0.1,0.1
06.04.2021 08:58:34.933 GMT-0500,30.903000000000002,30.887,0.1,0.1
06.04.2021 08:58:35.848 GMT-0500,30.893000000000004,30.877,0.1,0.1
06.04.2021 08:59:48.554 GMT-0500,30.881999999999998,30.868000000000002,0.1,0.1
06.04.2021 09:00:21.631 GMT-0500,30.892,30.868000000000002,0.1,0.1
06.04.2021 09:00:21.682 GMT-0500,30.892,30.878000000000004,0.1,0.1
06.04.2021 09:01:06.123 GMT-0500,30.901999999999997,30.888,0.1,0.1
06.04.2021 09:01:50.278 GMT-0500,30.892,30.878000000000004,0.1,0.1
06.04.2021 09:02:32.097 GMT-0500,30.901999999999997,30.888,0.1,0.1
06.04.2021 09:02:36.171 GMT-0500,30.901999999999997,30.878000000000004,0.1,0.1
06.04.2021 09:02:36.221 GMT-0500,30.893000000000004,30.877,0.1,0.1
06.04.2021 09:03:39.107 GMT-0500,30.892,30.868000000000002,0.1,0.1
06.04.2021 09:03:39.158 GMT-0500,30.883000000000003,30.866999999999997,0.1,0.1
06.04.2021 09:03:52.673 GMT-0500,30.873,30.857,0.1,0.1
06.04.2021 09:04:18.015 GMT-0500,30.881999999999998,30.868000000000002,0.1,0.1
06.04.2021 09:05:12.322 GMT-0500,30.872,30.858000000000004,0.1,0.1
06.04.2021 09:05:53.223 GMT-0500,30.881999999999998,30.868000000000002,0.1,0.1
06.04.2021 09:05:54.636 GMT-0500,30.873,30.857,0.1,0.1
06.04.2021 09:06:25.184 GMT-0500,30.881999999999998,30.868000000000002,0.1,0.1
06.04.2021 09:06:58.339 GMT-0500,30.872,30.858000000000004,0.1,0.1
06.04.2021 09:07:38.875 GMT-0500,30.872,30.848000000000003,0.1,0.1
06.04.2021 09:07:38.925 GMT-0500,30.862,30.848000000000003,0.1,0.1
06.04.2021 09:08:50.607 GMT-0500,30.863000000000003,30.837,0.1,0.1
06.04.2021 09:08:50.657 GMT-0500,30.852,30.838,0.1,0.1
06.04.2021 09:10:03.384 GMT-0500,30.863000000000003,30.837,0.1,0.1
06.04.2021 09:10:03.434 GMT-0500,30.862,30.848000000000003,0.1,0.1
06.04.2021 09:10:40.361 GMT-0500,30.853,30.837,0.1,0.1
06.04.2021 09:10:46.084 GMT-0500,30.862,30.848000000000003,0.1,0.1
06.04.2021 09:10:53.428 GMT-0500,30.853,30.837,0.1,0.1
06.04.2021 09:10:55.581 GMT-0500,30.862,30.848000000000003,0.1,0.1
06.04.2021 09:11:02.403 GMT-0500,30.873,30.857,0.1,0.1
06.04.2021 09:11:20.232 GMT-0500,30.872,30.858000000000004,0.1,0.0008
06.04.2021 09:11:20.283 GMT-0500,30.862,30.848000000000003,0.1,0.1
06.04.2021 09:11:21.629 GMT-0500,30.872,30.858000000000004,0.1,0.1
06.04.2021 09:11:28.237 GMT-0500,30.881999999999998,30.868000000000002,0.1,0.0008
06.04.2021 09:11:28.287 GMT-0500,30.883000000000003,30.866999999999997,0.1,0.1
06.04.2021 09:11:49.223 GMT-0500,30.872,30.858000000000004,0.1,0.1
06.04.2021 09:12:00.468 GMT-0500,30.881999999999998,30.868000000000002,0.1,0.1
06.04.2021 09:12:33.994 GMT-0500,30.892,30.878000000000004,0.1,0.1
06.04.2021 09:12:56.668 GMT-0500,30.893000000000004,30.866999999999997,0.1,0.1
06.04.2021 09:12:56.718 GMT-0500,30.883000000000003,30.866999999999997,0.1,0.1
06.04.2021 09:13:30.584 GMT-0500,30.892,30.878000000000004,0.1,0.1
06.04.2021 09:14:15.121 GMT-0500,30.881999999999998,30.868000000000002,0.1,0.1
06.04.2021 09:14:33.884 GMT-0500,30.873,30.857,0.1,0.1
06.04.2021 09:14:42.362 GMT-0500,30.881999999999998,30.868000000000002,0.1,0.1
06.04.2021 09:15:16.644 GMT-0500,30.892,30.878000000000004,0.1,0.1
06.04.2021 09:15:40.312 GMT-0500,30.881999999999998,30.868000000000002,0.1,0.1
06.04.2021 09:15:51.781 GMT-0500,30.873,30.857,0.1,0.1
06.04.2021 09:16:11.745 GMT-0500,30.881999999999998,30.868000000000002,0.1,0.1
06.04.2021 09:17:31.656 GMT-0500,30.893000000000004,30.877,0.1,0.1
06.04.2021 09:17:44.295 GMT-0500,30.881999999999998,30.868000000000002,0.1,0.1
06.04.2021 09:17:52.964 GMT-0500,30.881999999999998,30.878000000000004,0.0008,0.075
06.04.2021 09:17:53.015 GMT-0500,30.892,30.878000000000004,0.1,0.1
06.04.2021 09:19:17.501 GMT-0500,30.903000000000002,30.887,0.1,0.1
06.04.2021 09:19:20.147 GMT-0500,30.892,30.878000000000004,0.1,0.1
06.04.2021 09:19:42.416 GMT-0500,30.903000000000002,30.877,0.1,0.1
06.04.2021 09:19:44.479 GMT-0500,30.893000000000004,30.877,0.1,0.1
06.04.2021 09:20:09.225 GMT-0500,30.903000000000002,30.877,0.1,0.1
06.04.2021 09:20:09.345 GMT-0500,30.892,30.878000000000004,0.1,0.1
06.04.2021 09:20:13.474 GMT-0500,30.901999999999997,30.878000000000004,0.1,0.1
06.04.2021 09:20:13.702 GMT-0500,30.901999999999997,30.888,0.1,0.1
06.04.2021 09:21:02.593 GMT-0500,30.913000000000004,30.897,0.1,0.1
06.04.2021 09:21:12.690 GMT-0500,30.903000000000002,30.887,0.1,0.1
06.04.2021 09:21:14.791 GMT-0500,30.913000000000004,30.897,0.1,0.0008
06.04.2021 09:21:14.842 GMT-0500,30.912,30.898000000000003,0.1,0.1
06.04.2021 09:21:36.490 GMT-0500,30.923000000000002,30.907,0.1,0.1
06.04.2021 09:21:49.375 GMT-0500,30.913000000000004,30.897,0.1,0.1
06.04.2021 09:22:15.912 GMT-0500,30.923000000000002,30.907,0.1,0.1
06.04.2021 09:23:10.144 GMT-0500,30.933000000000003,30.916999999999998,0.1,0.1
06.04.2021 09:24:19.923 GMT-0500,30.942,30.928,0.1,0.1
06.04.2021 09:24:37.286 GMT-0500,30.933000000000003,30.916999999999998,0.1,0.1
06.04.2021 09:24:53.665 GMT-0500,30.942,30.928,0.1,0.1
06.04.2021 09:27:10.102 GMT-0500,30.953000000000003,30.936999999999998,0.1,0.1
06.04.2021 09:27:18.943 GMT-0500,30.943,30.927,0.1,0.1
06.04.2021 09:27:32.250 GMT-0500,30.933000000000003,30.916999999999998,0.1,0.1
06.04.2021 09:28:51.268 GMT-0500,30.943,30.927,0.1,0.1
06.04.2021 09:29:39.176 GMT-0500,30.933000000000003,30.916999999999998,0.1,0.1
06.04.2021 09:29:47.672 GMT-0500,30.922,30.908,0.1,0.1
06.04.2021 09:30:06.211 GMT-0500,30.923000000000002,30.897,0.1,0.1
06.04.2021 09:30:06.261 GMT-0500,30.913000000000004,30.897,0.1,0.1
06.04.2021 09:30:06.922 GMT-0500,30.923000000000002,30.907,0.1,0.0008
06.04.2021 09:30:06.972 GMT-0500,30.923000000000002,30.907,0.1,0.1
06.04.2021 09:31:01.021 GMT-0500,30.913000000000004,30.897,0.1,0.1
06.04.2021 09:31:34.362 GMT-0500,30.923000000000002,30.907,0.1,0.1
06.04.2021 09:32:17.518 GMT-0500,30.933000000000003,30.916999999999998,0.1,0.1
06.04.2021 09:33:04.106 GMT-0500,30.943,30.927,0.1,0.1
06.04.2021 09:34:03.320 GMT-0500,30.943,30.936999999999998,0.0008,0.075
06.04.2021 09:34:03.370 GMT-0500,30.951999999999998,30.938000000000002,0.1,0.1
06.04.2021 09:35:44.296 GMT-0500,30.953000000000003,30.927,0.1,0.1
06.04.2021 09:35:44.346 GMT-0500,30.942,30.928,0.1,0.1
06.04.2021 09:35:56.031 GMT-0500,30.951999999999998,30.938000000000002,0.1,0.1
06.04.2021 09:36:00.584 GMT-0500,30.943,30.927,0.1,0.1
06.04.2021 09:37:35.088 GMT-0500,30.951999999999998,30.938000000000002,0.1,0.1
06.04.2021 09:38:21.612 GMT-0500,30.963,30.936999999999998,0.1,0.1
06.04.2021 09:38:21.662 GMT-0500,30.962,30.948000000000004,0.1,0.1
06.04.2021 09:38:21.825 GMT-0500,30.971999999999998,30.958000000000002,0.1,0.1
06.04.2021 09:38:22.231 GMT-0500,30.962,30.948000000000004,0.1,0.1
06.04.2021 09:38:40.926 GMT-0500,30.971999999999998,30.948000000000004,0.1,0.1
06.04.2021 09:38:41.774 GMT-0500,30.971999999999998,30.948000000000004,0.1,0.1
06.04.2021 09:38:51.631 GMT-0500,30.971999999999998,30.948000000000004,0.1,0.1
06.04.2021 09:38:55.058 GMT-0500,30.963,30.947,0.1,0.1
06.04.2021 09:38:55.300 GMT-0500,30.971999999999998,30.948000000000004,0.1,0.1
06.04.2021 09:38:55.715 GMT-0500,30.962,30.948000000000004,0.0008,0.1
06.04.2021 09:38:55.766 GMT-0500,30.973000000000003,30.947,0.1,0.1
06.04.2021 09:38:56.667 GMT-0500,30.971999999999998,30.958000000000002,0.1,0.0008
06.04.2021 09:39:18.064 GMT-0500,30.962,30.948000000000004,0.1,0.1
06.04.2021 09:39:45.438 GMT-0500,30.973000000000003,30.947,0.1,0.1
06.04.2021 09:39:46.706 GMT-0500,30.963,30.947,0.1,0.1
06.04.2021 09:40:14.318 GMT-0500,30.973000000000003,30.947,0.1,0.1
06.04.2021 09:40:15.514 GMT-0500,30.963,30.947,0.0008,0.1
06.04.2021 09:40:25.492 GMT-0500,30.971999999999998,30.948000000000004,0.1,0.1
06.04.2021 09:40:25.643 GMT-0500,30.963,30.947,0.1,0.1
06.04.2021 09:40:27.190 GMT-0500,30.971999999999998,30.948000000000004,0.1,0.1
06.04.2021 09:40:29.613 GMT-0500,30.963,30.947,0.0008,0.1
06.04.2021 09:40:30.289 GMT-0500,30.973000000000003,30.947,0.1,0.1
06.04.2021 09:40:30.623 GMT-0500,30.962,30.948000000000004,0.0008,0.1
06.04.2021 09:40:32.879 GMT-0500,30.973000000000003,30.947,0.1,0.1
06.04.2021 09:40:35.356 GMT-0500,30.962,30.948000000000004,0.0008,0.1
06.04.2021 09:40:35.656 GMT-0500,30.973000000000003,30.947,0.1,0.1
06.04.2021 09:40:36.686 GMT-0500,30.963,30.947,0.1,0.1
06.04.2021 09:40:37.291 GMT-0500,30.971999999999998,30.948000000000004,0.1,0.1
06.04.2021 09:40:38.091 GMT-0500,30.963,30.947,0.0008,0.1
06.04.2021 09:40:38.273 GMT-0500,30.973000000000003,30.947,0.1,0.1
06.04.2021 09:40:38.323 GMT-0500,30.963,30.947,0.1,0.1
06.04.2021 09:40:38.502 GMT-0500,30.973000000000003,30.947,0.1,0.1
06.04.2021 09:40:43.718 GMT-0500,30.971999999999998,30.948000000000004,0.1,0.1
06.04.2021 09:40:43.769 GMT-0500,30.973000000000003,30.947,0.1,0.1
06.04.2021 09:40:46.226 GMT-0500,30.962,30.948000000000004,0.0008,0.1
06.04.2021 09:40:46.276 GMT-0500,30.973000000000003,30.947,0.1,0.1
06.04.2021 09:40:46.939 GMT-0500,30.971999999999998,30.958000000000002,0.1,0.1
06.04.2021 09:40:52.345 GMT-0500,30.963,30.947,0.1,0.1
06.04.2021 09:41:54.686 GMT-0500,30.953000000000003,30.936999999999998,0.1,0.1
06.04.2021 09:42:47.307 GMT-0500,30.943,30.927,0.1,0.1
06.04.2021 09:43:06.375 GMT-0500,30.933000000000003,30.916999999999998,0.1,0.1
06.04.2021 09:43:48.133 GMT-0500,30.942,30.928,0.1,0.1
06.04.2021 09:44:17.480 GMT-0500,30.943,30.927,0.1,0.0008
06.04.2021 09:44:17.530 GMT-0500,30.933000000000003,30.916999999999998,0.1,0.1
06.04.2021 09:44:27.349 GMT-0500,30.923000000000002,30.907,0.1,0.1
06.04.2021 09:44:41.136 GMT-0500,30.933000000000003,30.916999999999998,0.1,0.1
06.04.2021 09:44:46.088 GMT-0500,30.923000000000002,30.916999999999998,0.0008,0.075
06.04.2021 09:44:46.138 GMT-0500,30.923000000000002,30.907,0.1,0.1
06.04.2021 09:45:04.427 GMT-0500,30.932,30.908,0.1,0.1
06.04.2021 09:45:04.794 GMT-0500,30.932,30.918000000000003,0.1,0.1
06.04.2021 09:45:28.100 GMT-0500,30.942,30.928,0.1,0.1
06.04.2021 09:45:34.368 GMT-0500,30.951999999999998,30.938000000000002,0.1,0.1
06.04.2021 09:45:53.876 GMT-0500,30.943,30.927,0.1,0.1
06.04.2021 09:46:14.504 GMT-0500,30.953000000000003,30.927,0.1,0.1
06.04.2021 09:46:14.617 GMT-0500,30.942,30.928,0.0008,0.1
06.04.2021 09:46:35.483 GMT-0500,30.951999999999998,30.928,0.1,0.1
06.04.2021 09:46:35.734 GMT-0500,30.942,30.928,0.1,0.1
06.04.2021 09:46:55.362 GMT-0500,30.953000000000003,30.936999999999998,0.1,0.1
06.04.2021 09:47:28.024 GMT-0500,30.963,30.947,0.1,0.1
06.04.2021 09:48:50.213 GMT-0500,30.951999999999998,30.948000000000004,0.0008,0.075
06.04.2021 09:48:50.263 GMT-0500,30.951999999999998,30.938000000000002,0.1,0.1
06.04.2021 09:49:21.673 GMT-0500,30.942,30.928,0.1,0.1
06.04.2021 09:49:44.001 GMT-0500,30.933000000000003,30.916999999999998,0.1,0.1
06.04.2021 09:50:36.750 GMT-0500,30.943,30.927,0.1,0.1
06.04.2021 09:51:18.262 GMT-0500,30.953000000000003,30.927,0.1,0.1
06.04.2021 09:51:19.195 GMT-0500,30.942,30.928,0.1,0.1
06.04.2021 09:51:21.883 GMT-0500,30.951999999999998,30.928,0.1,0.1
06.04.2021 09:51:23.290 GMT-0500,30.951999999999998,30.938000000000002,0.1,0.0008
06.04.2021 09:51:56.595 GMT-0500,30.942,30.928,0.1,0.1
06.04.2021 09:52:17.106 GMT-0500,30.953000000000003,30.936999999999998,0.1,0.1
06.04.2021 09:52:35.365 GMT-0500,30.942,30.928,0.1,0.1
06.04.2021 09:53:36.498 GMT-0500,30.951999999999998,30.938000000000002,0.1,0.1
06.04.2021 09:54:26.574 GMT-0500,30.942,30.928,0.1,0.1
06.04.2021 09:54:52.811 GMT-0500,30.951999999999998,30.938000000000002,0.1,0.1
06.04.2021 09:55:19.222 GMT-0500,30.962,30.948000000000004,0.1,0.1
06.04.2021 09:55:58.433 GMT-0500,30.953000000000003,30.936999999999998,0.1,0.1
06.04.2021 09:56:17.738 GMT-0500,30.963,30.936999999999998,0.1,0.1
06.04.2021 09:56:20.169 GMT-0500,30.963,30.936999999999998,0.1,0.1
06.04.2021 09:56:22.653 GMT-0500,30.962,30.948000000000004,0.1,0.0008
06.04.2021 09:56:22.704 GMT-0500,30.963,30.947,0.1,0.1
06.04.2021 09:57:43.520 GMT-0500,30.953000000000003,30.936999999999998,0.1,0.1
06.04.2021 09:57:59.588 GMT-0500,30.962,30.948000000000004,0.1,0.1
06.04.2021 09:58:03.680 GMT-0500,30.951999999999998,30.938000000000002,0.1,0.1
06.04.2021 09:59:25.681 GMT-0500,30.963,30.947,0.1,0.1
06.04.2021 10:00:00.677 GMT-0500,30.951999999999998,30.938000000000002,0.1,0.1
06.04.2021 10:00:40.441 GMT-0500,30.963,30.947,0.1,0.1
06.04.2021 10:03:16.625 GMT-0500,30.973000000000003,30.947,0.1,0.1
06.04.2021 10:03:16.676 GMT-0500,30.973000000000003,30.956999999999997,0.1,0.1
06.04.2021 10:03:27.434 GMT-0500,30.971999999999998,30.948000000000004,0.1,0.1
06.04.2021 10:03:27.877 GMT-0500,30.962,30.948000000000004,0.1,0.1
06.04.2021 10:08:00.118 GMT-0500,30.971999999999998,30.948000000000004,0.1,0.1
06.04.2021 10:08:00.169 GMT-0500,30.971999999999998,30.958000000000002,0.1,0.1
06.04.2021 10:08:09.578 GMT-0500,30.963,30.947,0.1,0.1
06.04.2021 10:08:49.589 GMT-0500,30.973000000000003,30.947,0.1,0.1
06.04.2021 10:08:49.759 GMT-0500,30.962,30.948000000000004,0.1,0.1
06.04.2021 10:10:17.100 GMT-0500,30.953000000000003,30.936999999999998,0.1,0.1
06.04.2021 10:10:17.989 GMT-0500,30.943,30.927,0.1,0.1
06.04.2021 10:10:49.217 GMT-0500,30.932,30.918000000000003,0.1,0.1
06.04.2021 10:10:52.520 GMT-0500,30.943,30.927,0.1,0.1
06.04.2021 10:11:28.146 GMT-0500,30.951999999999998,30.938000000000002,0.1,0.1
06.04.2021 10:11:53.196 GMT-0500,30.942,30.928,0.1,0.1
06.04.2021 10:11:53.451 GMT-0500,30.953000000000003,30.936999999999998,0.1,0.1
06.04.2021 10:13:53.783 GMT-0500,30.953000000000003,30.927,0.1,0.1
06.04.2021 10:13:53.834 GMT-0500,30.943,30.927,0.1,0.1
06.04.2021 10:15:56.087 GMT-0500,30.951999999999998,30.928,0.1,0.1
06.04.2021 10:15:56.137 GMT-0500,30.943,30.927,0.1,0.1
06.04.2021 10:16:05.683 GMT-0500,30.951999999999998,30.928,0.1,0.1
06.04.2021 10:16:05.774 GMT-0500,30.943,30.927,0.1,0.1
06.04.2021 10:16:16.871 GMT-0500,30.953000000000003,30.927,0.1,0.1
06.04.2021 10:16:17.174 GMT-0500,30.951999999999998,30.928,0.1,0.1
06.04.2021 10:20:24.667 GMT-0500,30.932,30.918000000000003,0.1,0.1
06.04.2021 10:20:26.168 GMT-0500,30.942,30.928,0.1,0.1
06.04.2021 10:21:59.344 GMT-0500,30.942,30.918000000000003,0.1,0.1
06.04.2021 10:21:59.445 GMT-0500,30.942,30.928,0.1,0.1
06.04.2021 10:21:59.596 GMT-0500,30.932,30.918000000000003,0.1,0.1
06.04.2021 10:23:59.095 GMT-0500,30.922,30.908,0.1,0.1
06.04.2021 10:25:40.418 GMT-0500,30.932,30.908,0.1,0.1
06.04.2021 10:25:40.468 GMT-0500,30.932,30.918000000000003,0.1,0.1
06.04.2021 10:26:05.865 GMT-0500,30.933000000000003,30.916999999999998,0.1,0.0008
06.04.2021 10:26:05.915 GMT-0500,30.922,30.908,0.1,0.1
06.04.2021 10:26:10.067 GMT-0500,30.912,30.898000000000003,0.1,0.1
06.04.2021 10:26:56.591 GMT-0500,30.922,30.908,0.1,0.1
06.04.2021 10:27:10.627 GMT-0500,30.912,30.898000000000003,0.1,0.1
06.04.2021 10:32:01.325 GMT-0500,30.922,30.898000000000003,0.1,0.1
06.04.2021 10:32:01.697 GMT-0500,30.913000000000004,30.897,0.0008,0.1
06.04.2021 10:32:02.404 GMT-0500,30.923000000000002,30.897,0.1,0.1
06.04.2021 10:32:02.910 GMT-0500,30.913000000000004,30.897,0.0008,0.1
06.04.2021 10:32:05.915 GMT-0500,30.923000000000002,30.907,0.1,0.1
06.04.2021 10:32:06.241 GMT-0500,30.912,30.898000000000003,0.1,0.1
06.04.2021 10:33:16.669 GMT-0500,30.903000000000002,30.887,0.1,0.1
06.04.2021 10:33:32.617 GMT-0500,30.913000000000004,30.897,0.1,0.1
06.04.2021 10:33:53.800 GMT-0500,30.903000000000002,30.887,0.1,0.1
06.04.2021 10:35:32.606 GMT-0500,30.893000000000004,30.877,0.1,0.1
06.04.2021 10:35:33.934 GMT-0500,30.883000000000003,30.866999999999997,0.1,0.1
06.04.2021 10:35:58.686 GMT-0500,30.883000000000003,30.857,0.1,0.1
06.04.2021 10:35:58.737 GMT-0500,30.872,30.858000000000004,0.1,0.1
06.04.2021 10:36:11.281 GMT-0500,30.862,30.848000000000003,0.1,0.1
06.04.2021 10:38:24.766 GMT-0500,30.853,30.837,0.1,0.1
06.04.2021 10:40:15.409 GMT-0500,30.863000000000003,30.846999999999998,0.1,0.1
06.04.2021 10:40:55.717 GMT-0500,30.873,30.857,0.1,0.1
06.04.2021 10:41:00.723 GMT-0500,30.881999999999998,30.868000000000002,0.1,0.1
06.04.2021 10:41:04.851 GMT-0500,30.872,30.868000000000002,0.0008,0.075
06.04.2021 10:41:04.902 GMT-0500,30.873,30.857,0.1,0.1
06.04.2021 10:41:13.183 GMT-0500,30.872,30.868000000000002,0.0008,0.075
06.04.2021 10:41:13.234 GMT-0500,30.881999999999998,30.868000000000002,0.1,0.1
06.04.2021 10:41:49.279 GMT-0500,30.872,30.858000000000004,0.1,0.1
06.04.2021 10:42:13.076 GMT-0500,30.883000000000003,30.857,0.1,0.1
06.04.2021 10:42:13.304 GMT-0500,30.872,30.858000000000004,0.1,0.1
06.04.2021 10:42:13.405 GMT-0500,30.883000000000003,30.866999999999997,0.1,0.1
06.04.2021 10:42:31.113 GMT-0500,30.872,30.858000000000004,0.1,0.1
06.04.2021 10:42:34.454 GMT-0500,30.883000000000003,30.866999999999997,0.1,0.1
06.04.2021 10:43:08.000 GMT-0500,30.883000000000003,30.857,0.1,0.1
06.04.2021 10:43:08.201 GMT-0500,30.883000000000003,30.866999999999997,0.1,0.1
06.04.2021 10:43:38.438 GMT-0500,30.872,30.868000000000002,0.0008,0.075
06.04.2021 10:43:38.489 GMT-0500,30.872,30.858000000000004,0.1,0.1
06.04.2021 10:43:45.294 GMT-0500,30.883000000000003,30.866999999999997,0.1,0.1
06.04.2021 10:44:08.925 GMT-0500,30.873,30.857,0.1,0.1
06.04.2021 10:48:00.614 GMT-0500,30.863000000000003,30.846999999999998,0.1,0.1
06.04.2021 10:48:32.685 GMT-0500,30.872,30.858000000000004,0.1,0.1
06.04.2021 10:48:57.303 GMT-0500,30.862,30.848000000000003,0.1,0.1
06.04.2021 10:49:02.650 GMT-0500,30.873,30.846999999999998,0.1,0.1
06.04.2021 10:49:02.701 GMT-0500,30.873,30.857,0.1,0.1
06.04.2021 10:49:34.315 GMT-0500,30.863000000000003,30.846999999999998,0.1,0.1
06.04.2021 10:50:05.781 GMT-0500,30.853,30.837,0.1,0.1
06.04.2021 10:51:07.618 GMT-0500,30.843000000000004,30.826999999999998,0.1,0.1
06.04.2021 10:52:04.776 GMT-0500,30.833000000000002,30.817,0.1,0.1
06.04.2021 10:52:13.434 GMT-0500,30.823000000000004,30.807,0.1,0.1
06.04.2021 10:52:17.362 GMT-0500,30.833000000000002,30.817,0.1,0.1
06.04.2021 10:54:04.817 GMT-0500,30.823000000000004,30.817,0.0008,0.075
06.04.2021 10:54:04.868 GMT-0500,30.822,30.808000000000003,0.1,0.1
06.04.2021 10:55:04.420 GMT-0500,30.811999999999998,30.798000000000002,0.1,0.1
06.04.2021 10:55:09.419 GMT-0500,30.822,30.808000000000003,0.1,0.1
06.04.2021 10:55:21.789 GMT-0500,30.822,30.798000000000002,0.1,0.1
06.04.2021 10:55:21.965 GMT-0500,30.823000000000004,30.807,0.1,0.0008
06.04.2021 10:55:28.902 GMT-0500,30.813000000000002,30.797,0.1,0.1
06.04.2021 10:55:32.268 GMT-0500,30.823000000000004,30.807,0.1,0.1
06.04.2021 10:55:37.387 GMT-0500,30.823000000000004,30.807,0.1,0.0008
06.04.2021 10:55:37.437 GMT-0500,30.811999999999998,30.798000000000002,0.1,0.1
06.04.2021 10:56:11.100 GMT-0500,30.822,30.808000000000003,0.1,0.1
06.04.2021 10:58:32.301 GMT-0500,30.833000000000002,30.817,0.1,0.1
06.04.2021 10:59:02.149 GMT-0500,30.822,30.808000000000003,0.1,0.1
06.04.2021 10:59:03.608 GMT-0500,30.833000000000002,30.807,0.1,0.1
06.04.2021 10:59:03.659 GMT-0500,30.822,30.808000000000003,0.1,0.1
06.04.2021 10:59:08.125 GMT-0500,30.831999999999997,30.808000000000003,0.1,0.1
06.04.2021 10:59:08.563 GMT-0500,30.833000000000002,30.807,0.1,0.1
06.04.2021 10:59:13.850 GMT-0500,30.833000000000002,30.807,0.1,0.1
06.04.2021 10:59:14.536 GMT-0500,30.833000000000002,30.817,0.1,0.1
06.04.2021 11:00:25.237 GMT-0500,30.842,30.828000000000003,0.1,0.1
06.04.2021 11:00:33.095 GMT-0500,30.833000000000002,30.817,0.1,0.1
06.04.2021 11:00:46.975 GMT-0500,30.842,30.818,0.1,0.1
06.04.2021 11:00:47.671 GMT-0500,30.843000000000004,30.817,0.1,0.1
06.04.2021 11:01:10.657 GMT-0500,30.842,30.818,0.1,0.1
06.04.2021 11:01:14.869 GMT-0500,30.833000000000002,30.817,0.1,0.1
06.04.2021 11:01:53.577 GMT-0500,30.843000000000004,30.817,0.1,0.1
06.04.2021 11:01:54.696 GMT-0500,30.831999999999997,30.818,0.1,0.1
06.04.2021 11:01:58.530 GMT-0500,30.843000000000004,30.817,0.1,0.1
06.04.2021 11:02:00.833 GMT-0500,30.831999999999997,30.818,0.0008,0.1
06.04.2021 11:02:04.849 GMT-0500,30.843000000000004,30.817,0.1,0.1
06.04.2021 11:02:05.627 GMT-0500,30.843000000000004,30.817,0.1,0.1
06.04.2021 11:02:43.080 GMT-0500,30.842,30.828000000000003,0.1,0.1
06.04.2021 11:02:49.789 GMT-0500,30.833000000000002,30.817,0.1,0.1
06.04.2021 11:04:10.187 GMT-0500,30.831999999999997,30.808000000000003,0.1,0.1
06.04.2021 11:04:10.237 GMT-0500,30.822,30.808000000000003,0.1,0.1
06.04.2021 11:04:13.627 GMT-0500,30.831999999999997,30.808000000000003,0.1,0.1
06.04.2021 11:04:13.727 GMT-0500,30.833000000000002,30.807,0.1,0.1
06.04.2021 11:04:22.036 GMT-0500,30.833000000000002,30.807,0.1,0.1
06.04.2021 11:04:27.091 GMT-0500,30.831999999999997,30.818,0.1,0.1
06.04.2021 11:05:10.097 GMT-0500,30.842,30.818,0.1,0.1
06.04.2021 11:05:11.794 GMT-0500,30.833000000000002,30.817,0.1,0.1
06.04.2021 11:07:27.193 GMT-0500,30.843000000000004,30.826999999999998,0.1,0.1
06.04.2021 11:07:33.879 GMT-0500,30.831999999999997,30.818,0.1,0.1
06.04.2021 11:10:27.648 GMT-0500,30.843000000000004,30.817,0.1,0.1
06.04.2021 11:10:28.965 GMT-0500,30.843000000000004,30.826999999999998,0.1,0.0008
06.04.2021 11:11:11.427 GMT-0500,30.853,30.837,0.1,0.1
06.04.2021 11:12:33.716 GMT-0500,30.842,30.828000000000003,0.1,0.1
06.04.2021 11:14:12.383 GMT-0500,30.852,30.838,0.1,0.1
06.04.2021 11:14:13.772 GMT-0500,30.843000000000004,30.826999999999998,0.1,0.1
06.04.2021 11:15:10.172 GMT-0500,30.853,30.826999999999998,0.1,0.1
06.04.2021 11:15:10.222 GMT-0500,30.852,30.838,0.1,0.1
06.04.2021 11:16:31.895 GMT-0500,30.863000000000003,30.837,0.1,0.1
06.04.2021 11:16:31.945 GMT-0500,30.853,30.837,0.1,0.1
06.04.2021 11:19:00.657 GMT-0500,30.843000000000004,30.826999999999998,0.1,0.1
06.04.2021 11:26:02.320 GMT-0500,30.853,30.837,0.1,0.1
06.04.2021 11:26:40.101 GMT-0500,30.843000000000004,30.826999999999998,0.1,0.1
06.04.2021 11:27:27.131 GMT-0500,30.853,30.837,0.1,0.1
06.04.2021 11:29:02.637 GMT-0500,30.843000000000004,30.826999999999998,0.1,0.1
06.04.2021 11:29:16.226 GMT-0500,30.852,30.828000000000003,0.1,0.1
06.04.2021 11:29:20.607 GMT-0500,30.843000000000004,30.826999999999998,0.0008,0.1
06.04.2021 11:30:45.242 GMT-0500,30.831999999999997,30.818,0.0008,0.1
06.04.2021 11:30:52.509 GMT-0500,30.842,30.828000000000003,0.1,0.0008
06.04.2021 11:30:52.559 GMT-0500,30.843000000000004,30.826999999999998,0.1,0.1
06.04.2021 11:31:32.685 GMT-0500,30.833000000000002,30.817,0.1,0.1
06.04.2021 11:33:14.367 GMT-0500,30.822,30.808000000000003,0.1,0.1
06.04.2021 11:37:44.565 GMT-0500,30.813000000000002,30.797,0.1,0.1
06.04.2021 11:37:49.836 GMT-0500,30.823000000000004,30.807,0.1,0.1
06.04.2021 11:40:01.449 GMT-0500,30.833000000000002,30.817,0.1,0.1
06.04.2021 11:43:00.357 GMT-0500,30.842,30.828000000000003,0.1,0.1
06.04.2021 11:48:53.976 GMT-0500,30.853,30.837,0.1,0.1
06.04.2021 11:49:01.482 GMT-0500,30.843000000000004,30.826999999999998,0.1,0.1
06.04.2021 11:50:01.455 GMT-0500,30.853,30.837,0.1,0.1
06.04.2021 11:50:28.808 GMT-0500,30.862,30.848000000000003,0.1,0.1
06.04.2021 11:50:30.633 GMT-0500,30.852,30.838,0.1,0.1
06.04.2021 11:52:12.846 GMT-0500,30.862,30.848000000000003,0.1,0.0008
06.04.2021 11:52:12.897 GMT-0500,30.863000000000003,30.846999999999998,0.1,0.1
06.04.2021 11:52:53.237 GMT-0500,30.872,30.858000000000004,0.1,0.0008
06.04.2021 11:52:53.288 GMT-0500,30.873,30.857,0.1,0.1
06.04.2021 11:53:00.169 GMT-0500,30.862,30.848000000000003,0.1,0.1
06.04.2021 11:53:12.067 GMT-0500,30.852,30.838,0.1,0.1
06.04.2021 11:54:12.969 GMT-0500,30.863000000000003,30.846999999999998,0.1,0.1
06.04.2021 11:57:06.596 GMT-0500,30.852,30.838,0.1,0.1
06.04.2021 11:57:47.483 GMT-0500,30.863000000000003,30.837,0.1,0.1
06.04.2021 11:57:52.751 GMT-0500,30.863000000000003,30.837,0.1,0.1
06.04.2021 11:57:53.830 GMT-0500,30.862,30.838,0.1,0.1
06.04.2021 11:57:54.131 GMT-0500,30.863000000000003,30.846999999999998,0.1,0.075
06.04.2021 11:59:05.585 GMT-0500,30.873,30.857,0.1,0.1
06.04.2021 11:59:56.592 GMT-0500,30.883000000000003,30.866999999999997,0.1,0.1
06.04.2021 11:59:56.933 GMT-0500,30.872,30.858000000000004,0.1,0.1
06.04.2021 12:00:14.159 GMT-0500,30.862,30.848000000000003,0.1,0.1
06.04.2021 12:04:58.820 GMT-0500,30.873,30.857,0.1,0.1
06.04.2021 12:05:54.980 GMT-0500,30.873,30.866999999999997,0.0008,0.075
06.04.2021 12:05:55.030 GMT-0500,30.881999999999998,30.868000000000002,0.1,0.1
06.04.2021 12:06:14.087 GMT-0500,30.893000000000004,30.866999999999997,0.1,0.1
06.04.2021 12:06:16.331 GMT-0500,30.883000000000003,30.866999999999997,0.1,0.1
06.04.2021 12:06:16.501 GMT-0500,30.893000000000004,30.866999999999997,0.1,0.1
06.04.2021 12:06:19.395 GMT-0500,30.883000000000003,30.866999999999997,0.1,0.1
06.04.2021 12:06:19.446 GMT-0500,30.893000000000004,30.866999999999997,0.1,0.1
06.04.2021 12:06:20.203 GMT-0500,30.892,30.868000000000002,0.1,0.1
06.04.2021 12:06:20.734 GMT-0500,30.892,30.868000000000002,0.1,0.1
06.04.2021 12:06:20.849 GMT-0500,30.881999999999998,30.868000000000002,0.1,0.1
06.04.2021 12:07:09.399 GMT-0500,30.881999999999998,30.878000000000004,0.0008,0.075
06.04.2021 12:07:09.449 GMT-0500,30.893000000000004,30.877,0.1,0.1
06.04.2021 12:07:47.319 GMT-0500,30.901999999999997,30.888,0.1,0.1
06.04.2021 12:09:29.751 GMT-0500,30.912,30.898000000000003,0.1,0.0008
06.04.2021 12:09:29.801 GMT-0500,30.913000000000004,30.897,0.1,0.1
06.04.2021 12:10:33.841 GMT-0500,30.923000000000002,30.907,0.1,0.0008
06.04.2021 12:10:33.891 GMT-0500,30.913000000000004,30.897,0.1,0.1
06.04.2021 12:10:33.941 GMT-0500,30.923000000000002,30.907,0.1,0.1
06.04.2021 12:16:13.877 GMT-0500,30.913000000000004,30.897,0.1,0.1
06.04.2021 12:17:31.126 GMT-0500,30.923000000000002,30.907,0.1,0.1
06.04.2021 12:19:03.878 GMT-0500,30.933000000000003,30.916999999999998,0.1,0.1
06.04.2021 12:19:25.717 GMT-0500,30.923000000000002,30.907,0.1,0.1
06.04.2021 12:20:07.659 GMT-0500,30.933000000000003,30.907,0.1,0.1
06.04.2021 12:20:07.826 GMT-0500,30.922,30.908,0.0008,0.1
06.04.2021 12:20:09.862 GMT-0500,30.933000000000003,30.907,0.1,0.1
06.04.2021 12:20:10.045 GMT-0500,30.932,30.918000000000003,0.1,0.1
06.04.2021 12:21:32.180 GMT-0500,30.923000000000002,30.907,0.1,0.1
06.04.2021 12:25:46.137 GMT-0500,30.922,30.898000000000003,0.1,0.1
06.04.2021 12:25:46.462 GMT-0500,30.922,30.908,0.1,0.1
06.04.2021 12:26:55.881 GMT-0500,30.933000000000003,30.916999999999998,0.1,0.1
06.04.2021 12:28:02.014 GMT-0500,30.942,30.928,0.1,0.1
06.04.2021 12:28:19.606 GMT-0500,30.932,30.918000000000003,0.1,0.1
06.04.2021 12:31:40.009 GMT-0500,30.943,30.927,0.1,0.1
06.04.2021 12:32:13.792 GMT-0500,30.933000000000003,30.916999999999998,0.1,0.1
06.04.2021 12:33:15.524 GMT-0500,30.922,30.908,0.1,0.1
06.04.2021 12:33:20.715 GMT-0500,30.912,30.898000000000003,0.1,0.1
06.04.2021 12:33:26.850 GMT-0500,30.913000000000004,30.887,0.1,0.1
06.04.2021 12:33:26.900 GMT-0500,30.903000000000002,30.887,0.1,0.1
06.04.2021 12:34:16.194 GMT-0500,30.913000000000004,30.897,0.1,0.1
06.04.2021 12:34:22.345 GMT-0500,30.913000000000004,30.887,0.1,0.1
06.04.2021 12:34:25.580 GMT-0500,30.913000000000004,30.897,0.1,0.1
06.04.2021 12:36:25.987 GMT-0500,30.923000000000002,30.907,0.1,0.1
06.04.2021 12:36:57.084 GMT-0500,30.933000000000003,30.916999999999998,0.1,0.1
06.04.2021 12:38:32.556 GMT-0500,30.923000000000002,30.907,0.1,0.1
06.04.2021 12:39:37.796 GMT-0500,30.933000000000003,30.907,0.1,0.1
06.04.2021 12:39:37.847 GMT-0500,30.932,30.918000000000003,0.1,0.1
06.04.2021 12:39:46.981 GMT-0500,30.922,30.908,0.1,0.1
06.04.2021 12:39:47.352 GMT-0500,30.932,30.908,0.1,0.1
06.04.2021 12:39:47.452 GMT-0500,30.923000000000002,30.907,0.1,0.1
06.04.2021 12:39:47.503 GMT-0500,30.933000000000003,30.907,0.1,0.1
06.04.2021 12:39:50.188 GMT-0500,30.933000000000003,30.907,0.1,0.1
06.04.2021 12:39:50.622 GMT-0500,30.932,30.908,0.1,0.1
06.04.2021 12:39:54.549 GMT-0500,30.932,30.908,0.1,0.1
06.04.2021 12:39:57.286 GMT-0500,30.933000000000003,30.907,0.1,0.1
06.04.2021 12:40:00.767 GMT-0500,30.933000000000003,30.907,0.1,0.1
06.04.2021 12:40:01.293 GMT-0500,30.933000000000003,30.907,0.1,0.1
06.04.2021 12:40:04.506 GMT-0500,30.923000000000002,30.907,0.0008,0.1
06.04.2021 12:44:31.411 GMT-0500,30.912,30.898000000000003,0.1,0.1
06.04.2021 12:46:50.312 GMT-0500,30.903000000000002,30.887,0.1,0.1
06.04.2021 12:46:50.548 GMT-0500,30.893000000000004,30.877,0.1,0.1
06.04.2021 12:47:01.874 GMT-0500,30.881999999999998,30.868000000000002,0.1,0.1
06.04.2021 12:47:23.986 GMT-0500,30.893000000000004,30.877,0.1,0.0008
06.04.2021 12:47:24.037 GMT-0500,30.892,30.878000000000004,0.1,0.1
06.04.2021 12:47:32.181 GMT-0500,30.903000000000002,30.887,0.1,0.1
06.04.2021 12:49:04.405 GMT-0500,30.913000000000004,30.897,0.1,0.1
06.04.2021 12:49:30.227 GMT-0500,30.913000000000004,30.887,0.1,0.1
06.04.2021 12:49:34.146 GMT-0500,30.913000000000004,30.897,0.1,0.1
06.04.2021 12:50:05.852 GMT-0500,30.901999999999997,30.888,0.1,0.1
06.04.2021 12:50:35.598 GMT-0500,30.912,30.898000000000003,0.1,0.0008
06.04.2021 12:50:35.648 GMT-0500,30.913000000000004,30.897,0.1,0.1
06.04.2021 12:50:56.720 GMT-0500,30.903000000000002,30.887,0.1,0.1
06.04.2021 12:54:11.849 GMT-0500,30.893000000000004,30.877,0.1,0.1
06.04.2021 12:54:14.544 GMT-0500,30.881999999999998,30.868000000000002,0.1,0.1
06.04.2021 12:55:07.567 GMT-0500,30.893000000000004,30.877,0.1,0.1
06.04.2021 12:55:13.417 GMT-0500,30.881999999999998,30.878000000000004,0.0008,0.075
06.04.2021 12:55:13.467 GMT-0500,30.881999999999998,30.868000000000002,0.1,0.1
06.04.2021 12:55:47.732 GMT-0500,30.893000000000004,30.877,0.1,0.1
06.04.2021 12:55:53.323 GMT-0500,30.883000000000003,30.866999999999997,0.1,0.1
06.04.2021 12:56:52.458 GMT-0500,30.893000000000004,30.877,0.1,0.0008
06.04.2021 12:56:52.508 GMT-0500,30.893000000000004,30.877,0.1,0.1
06.04.2021 12:57:00.860 GMT-0500,30.881999999999998,30.868000000000002,0.1,0.1
06.04.2021 13:00:09.360 GMT-0500,30.892,30.878000000000004,0.1,0.1
06.04.2021 13:00:18.069 GMT-0500,30.893000000000004,30.866999999999997,0.1,0.1
06.04.2021 13:00:18.375 GMT-0500,30.892,30.878000000000004,0.1,0.1
06.04.2021 13:01:44.129 GMT-0500,30.901999999999997,30.888,0.1,0.1
06.04.2021 13:01:47.933 GMT-0500,30.912,30.888,0.1,0.1
06.04.2021 13:01:47.983 GMT-0500,30.913000000000004,30.897,0.1,0.1
06.04.2021 13:06:15.199 GMT-0500,30.903000000000002,30.887,0.1,0.1
06.04.2021 13:06:33.556 GMT-0500,30.893000000000004,30.877,0.1,0.1
06.04.2021 13:10:25.540 GMT-0500,30.883000000000003,30.866999999999997,0.1,0.1
06.04.2021 13:11:03.944 GMT-0500,30.872,30.858000000000004,0.1,0.1
06.04.2021 13:11:34.200 GMT-0500,30.881999999999998,30.868000000000002,0.1,0.1
06.04.2021 13:14:35.214 GMT-0500,30.892,30.878000000000004,0.1,0.1
06.04.2021 13:15:31.521 GMT-0500,30.903000000000002,30.877,0.1,0.1
06.04.2021 13:15:31.572 GMT-0500,30.903000000000002,30.887,0.1,0.1
06.04.2021 13:15:46.755 GMT-0500,30.912,30.888,0.1,0.1
06.04.2021 13:15:46.805 GMT-0500,30.913000000000004,30.897,0.1,0.1
06.04.2021 13:20:28.225 GMT-0500,30.901999999999997,30.888,0.1,0.1
06.04.2021 13:20:28.326 GMT-0500,30.913000000000004,30.897,0.1,0.1
06.04.2021 13:22:03.831 GMT-0500,30.923000000000002,30.897,0.1,0.1
06.04.2021 13:22:03.881 GMT-0500,30.922,30.908,0.1,0.1
06.04.2021 13:22:49.601 GMT-0500,30.913000000000004,30.897,0.1,0.1
06.04.2021 13:23:41.115 GMT-0500,30.923000000000002,30.907,0.1,0.1
06.04.2021 13:25:23.859 GMT-0500,30.932,30.918000000000003,0.1,0.1
06.04.2021 13:25:31.792 GMT-0500,30.923000000000002,30.907,0.1,0.1
06.04.2021 13:25:46.428 GMT-0500,30.913000000000004,30.897,0.1,0.1
06.04.2021 13:25:54.292 GMT-0500,30.923000000000002,30.907,0.1,0.1
06.04.2021 13:26:02.369 GMT-0500,30.912,30.908,0.0008,0.075
06.04.2021 13:26:02.420 GMT-0500,30.913000000000004,30.897,0.1,0.1
06.04.2021 13:31:35.527 GMT-0500,30.903000000000002,30.887,0.1,0.1
06.04.2021 13:31:44.032 GMT-0500,30.912,30.888,0.1,0.1
06.04.2021 13:31:44.082 GMT-0500,30.912,30.898000000000003,0.1,0.1
06.04.2021 13:31:51.502 GMT-0500,30.901999999999997,30.888,0.1,0.1
06.04.2021 13:31:56.360 GMT-0500,30.912,30.898000000000003,0.1,0.1
06.04.2021 13:32:07.625 GMT-0500,30.903000000000002,30.887,0.1,0.1
06.04.2021 13:33:08.335 GMT-0500,30.912,30.898000000000003,0.1,0.1
06.04.2021 13:36:21.421 GMT-0500,30.901999999999997,30.888,0.1,0.1
06.04.2021 13:39:12.219 GMT-0500,30.912,30.898000000000003,0.1,0.1
06.04.2021 13:39:54.521 GMT-0500,30.901999999999997,30.888,0.1,0.1
06.04.2021 13:41:53.785 GMT-0500,30.913000000000004,30.897,0.1,0.1
06.04.2021 13:41:53.888 GMT-0500,30.912,30.898000000000003,0.1,0.0008
06.04.2021 13:41:53.938 GMT-0500,30.903000000000002,30.887,0.1,0.1
06.04.2021 13:42:40.552 GMT-0500,30.893000000000004,30.877,0.1,0.1
06.04.2021 13:43:08.796 GMT-0500,30.901999999999997,30.888,0.1,0.1
06.04.2021 13:43:56.675 GMT-0500,30.912,30.898000000000003,0.1,0.1
06.04.2021 13:46:28.812 GMT-0500,30.923000000000002,30.907,0.1,0.1
06.04.2021 13:47:03.913 GMT-0500,30.932,30.918000000000003,0.1,0.1
06.04.2021 13:50:19.091 GMT-0500,30.923000000000002,30.907,0.1,0.1
06.04.2021 13:50:47.256 GMT-0500,30.933000000000003,30.907,0.1,0.1
06.04.2021 13:50:47.306 GMT-0500,30.932,30.918000000000003,0.1,0.1
06.04.2021 13:51:03.149 GMT-0500,30.922,30.908,0.1,0.1
06.04.2021 13:54:32.001 GMT-0500,30.932,30.918000000000003,0.1,0.1
06.04.2021 13:54:32.968 GMT-0500,30.923000000000002,30.916999999999998,0.0008,0.075
06.04.2021 13:54:33.019 GMT-0500,30.922,30.908,0.1,0.1
06.04.2021 13:54:54.243 GMT-0500,30.932,30.918000000000003,0.1,0.1
06.04.2021 13:56:04.394 GMT-0500,30.922,30.908,0.1,0.1
06.04.2021 13:57:19.165 GMT-0500,30.932,30.908,0.1,0.1
06.04.2021 13:57:19.215 GMT-0500,30.933000000000003,30.916999999999998,0.1,0.1
06.04.2021 13:57:28.513 GMT-0500,30.933000000000003,30.907,0.1,0.1
06.04.2021 13:57:28.563 GMT-0500,30.922,30.908,0.1,0.1
06.04.2021 13:58:26.974 GMT-0500,30.913000000000004,30.897,0.1,0.1
06.04.2021 13:59:46.012 GMT-0500,30.901999999999997,30.888,0.1,0.1
06.04.2021 14:01:35.426 GMT-0500,30.892,30.878000000000004,0.1,0.1
06.04.2021 14:02:19.882 GMT-0500,30.881999999999998,30.868000000000002,0.1,0.1
06.04.2021 14:02:21.474 GMT-0500,30.892,30.878000000000004,0.1,0.1
06.04.2021 14:02:22.504 GMT-0500,30.881999999999998,30.868000000000002,0.1,0.1
06.04.2021 14:02:53.266 GMT-0500,30.872,30.858000000000004,0.1,0.1
06.04.2021 14:03:10.953 GMT-0500,30.881999999999998,30.858000000000004,0.1,0.1
06.04.2021 14:03:11.003 GMT-0500,30.881999999999998,30.868000000000002,0.1,0.1
06.04.2021 14:04:03.917 GMT-0500,30.881999999999998,30.858000000000004,0.1,0.1
06.04.2021 14:04:03.968 GMT-0500,30.873,30.857,0.1,0.1
06.04.2021 14:04:56.487 GMT-0500,30.883000000000003,30.866999999999997,0.1,0.1
06.04.2021 14:05:01.779 GMT-0500,30.873,30.857,0.1,0.1
06.04.2021 14:05:03.069 GMT-0500,30.883000000000003,30.866999999999997,0.1,0.1
06.04.2021 14:05:18.962 GMT-0500,30.893000000000004,30.866999999999997,0.1,0.1
06.04.2021 14:05:19.012 GMT-0500,30.892,30.878000000000004,0.1,0.1
06.04.2021 14:05:21.810 GMT-0500,30.883000000000003,30.866999999999997,0.1,0.1
06.04.2021 14:05:23.983 GMT-0500,30.892,30.878000000000004,0.1,0.0008
06.04.2021 14:05:24.033 GMT-0500,30.892,30.878000000000004,0.1,0.1
06.04.2021 14:05:59.282 GMT-0500,30.881999999999998,30.868000000000002,0.1,0.1
06.04.2021 14:07:55.638 GMT-0500,30.892,30.878000000000004,0.1,0.1
06.04.2021 14:08:00.384 GMT-0500,30.881999999999998,30.868000000000002,0.1,0.1
06.04.2021 14:08:14.037 GMT-0500,30.892,30.868000000000002,0.1,0.1
06.04.2021 14:08:14.088 GMT-0500,30.893000000000004,30.877,0.1,0.1
06.04.2021 14:08:15.792 GMT-0500,30.881999999999998,30.868000000000002,0.1,0.1
06.04.2021 14:08:21.950 GMT-0500,30.893000000000004,30.877,0.1,0.1
06.04.2021 14:08:25.024 GMT-0500,30.893000000000004,30.877,0.1,0.0008
06.04.2021 14:08:25.075 GMT-0500,30.883000000000003,30.866999999999997,0.1,0.1
06.04.2021 14:08:31.206 GMT-0500,30.892,30.868000000000002,0.1,0.1
06.04.2021 14:08:31.256 GMT-0500,30.893000000000004,30.877,0.1,0.1
06.04.2021 14:08:35.192 GMT-0500,30.881999999999998,30.868000000000002,0.1,0.1
06.04.2021 14:08:56.026 GMT-0500,30.893000000000004,30.877,0.1,0.0008
06.04.2021 14:08:56.077 GMT-0500,30.892,30.878000000000004,0.1,0.1
06.04.2021 14:09:00.717 GMT-0500,30.881999999999998,30.868000000000002,0.1,0.1
06.04.2021 14:09:10.304 GMT-0500,30.892,30.878000000000004,0.1,0.1
06.04.2021 14:09:13.853 GMT-0500,30.883000000000003,30.866999999999997,0.1,0.1
06.04.2021 14:10:08.812 GMT-0500,30.893000000000004,30.877,0.1,0.1
06.04.2021 14:10:13.302 GMT-0500,30.883000000000003,30.866999999999997,0.1,0.1
06.04.2021 14:10:48.036 GMT-0500,30.873,30.857,0.1,0.1
06.04.2021 14:11:45.695 GMT-0500,30.883000000000003,30.866999999999997,0.1,0.1
06.04.2021 14:19:17.582 GMT-0500,30.892,30.878000000000004,0.1,0.1
06.04.2021 14:19:17.683 GMT-0500,30.881999999999998,30.868000000000002,0.1,0.1
06.04.2021 14:19:20.945 GMT-0500,30.893000000000004,30.877,0.1,0.1
06.04.2021 14:20:35.084 GMT-0500,30.903000000000002,30.887,0.1,0.1
06.04.2021 14:24:30.914 GMT-0500,30.893000000000004,30.877,0.1,0.1
06.04.2021 14:24:42.506 GMT-0500,30.881999999999998,30.868000000000002,0.1,0.1
06.04.2021 14:26:26.198 GMT-0500,30.872,30.858000000000004,0.1,0.1
06.04.2021 14:28:31.766 GMT-0500,30.881999999999998,30.868000000000002,0.1,0.1
06.04.2021 14:29:03.575 GMT-0500,30.893000000000004,30.866999999999997,0.1,0.1
06.04.2021 14:29:03.625 GMT-0500,30.892,30.878000000000004,0.1,0.1
06.04.2021 14:30:25.619 GMT-0500,30.901999999999997,30.888,0.1,0.1
06.04.2021 14:31:03.613 GMT-0500,30.913000000000004,30.897,0.1,0.1
06.04.2021 14:31:15.505 GMT-0500,30.901999999999997,30.888,0.1,0.1
06.04.2021 14:31:15.655 GMT-0500,30.913000000000004,30.897,0.1,0.1
06.04.2021 14:32:09.485 GMT-0500,30.903000000000002,30.887,0.1,0.1
06.04.2021 14:32:32.229 GMT-0500,30.892,30.878000000000004,0.1,0.1
06.04.2021 14:33:00.811 GMT-0500,30.903000000000002,30.877,0.1,0.1
06.04.2021 14:33:00.861 GMT-0500,30.901999999999997,30.888,0.1,0.1
06.04.2021 14:33:30.617 GMT-0500,30.912,30.898000000000003,0.1,0.1
06.04.2021 14:35:27.036 GMT-0500,30.923000000000002,30.907,0.1,0.1
06.04.2021 14:35:49.883 GMT-0500,30.912,30.898000000000003,0.1,0.1
06.04.2021 14:37:50.491 GMT-0500,30.903000000000002,30.887,0.1,0.1
06.04.2021 14:37:52.293 GMT-0500,30.893000000000004,30.877,0.1,0.1
06.04.2021 14:38:42.485 GMT-0500,30.903000000000002,30.887,0.1,0.1
06.04.2021 14:39:17.936 GMT-0500,30.892,30.878000000000004,0.1,0.1
06.04.2021 14:40:33.837 GMT-0500,30.903000000000002,30.887,0.1,0.1
06.04.2021 14:41:20.037 GMT-0500,30.912,30.898000000000003,0.1,0.1
06.04.2021 14:41:51.084 GMT-0500,30.903000000000002,30.887,0.1,0.1
06.04.2021 14:42:01.984 GMT-0500,30.912,30.898000000000003,0.1,0.1
06.04.2021 14:42:02.319 GMT-0500,30.913000000000004,30.887,0.1,0.1
06.04.2021 14:42:02.984 GMT-0500,30.912,30.898000000000003,0.1,0.1
06.04.2021 14:42:04.058 GMT-0500,30.912,30.888,0.1,0.1
06.04.2021 14:42:04.109 GMT-0500,30.912,30.898000000000003,0.1,0.1
06.04.2021 14:43:07.892 GMT-0500,30.922,30.908,0.1,0.1
06.04.2021 14:43:18.769 GMT-0500,30.922,30.908,0.1,0.0008
06.04.2021 14:43:18.819 GMT-0500,30.913000000000004,30.897,0.1,0.1
06.04.2021 14:45:32.323 GMT-0500,30.923000000000002,30.907,0.1,0.1
06.04.2021 14:49:31.355 GMT-0500,30.932,30.918000000000003,0.1,0.1
06.04.2021 14:49:49.312 GMT-0500,30.942,30.928,0.1,0.1
06.04.2021 14:50:42.257 GMT-0500,30.953000000000003,30.927,0.1,0.1
06.04.2021 14:50:42.314 GMT-0500,30.943,30.927,0.0008,0.1
06.04.2021 14:50:43.855 GMT-0500,30.943,30.936999999999998,0.0008,0.075
06.04.2021 14:50:43.905 GMT-0500,30.951999999999998,30.938000000000002,0.1,0.1
06.04.2021 14:50:46.331 GMT-0500,30.943,30.927,0.1,0.1
06.04.2021 14:50:48.805 GMT-0500,30.951999999999998,30.928,0.1,0.1
06.04.2021 14:50:48.956 GMT-0500,30.951999999999998,30.928,0.1,0.1
06.04.2021 14:50:49.342 GMT-0500,30.951999999999998,30.928,0.1,0.1
06.04.2021 14:50:49.443 GMT-0500,30.942,30.928,0.1,0.1
06.04.2021 14:50:50.862 GMT-0500,30.951999999999998,30.928,0.1,0.1
06.04.2021 14:50:50.969 GMT-0500,30.953000000000003,30.927,0.1,0.1
06.04.2021 14:50:51.506 GMT-0500,30.951999999999998,30.938000000000002,0.1,0.1
06.04.2021 14:51:15.358 GMT-0500,30.963,30.947,0.1,0.1
06.04.2021 14:51:41.112 GMT-0500,30.951999999999998,30.938000000000002,0.1,0.1
06.04.2021 14:51:45.168 GMT-0500,30.962,30.948000000000004,0.1,0.1
06.04.2021 14:51:50.576 GMT-0500,30.953000000000003,30.936999999999998,0.1,0.1
06.04.2021 14:52:24.915 GMT-0500,30.942,30.928,0.1,0.1
06.04.2021 14:52:25.065 GMT-0500,30.953000000000003,30.936999999999998,0.1,0.1
06.04.2021 14:53:37.149 GMT-0500,30.962,30.938000000000002,0.1,0.1
06.04.2021 14:53:37.250 GMT-0500,30.951999999999998,30.938000000000002,0.1,0.1
06.04.2021 14:56:03.070 GMT-0500,30.962,30.938000000000002,0.1,0.1
06.04.2021 14:56:03.532 GMT-0500,30.953000000000003,30.936999999999998,0.1,0.1
06.04.2021 14:58:30.081 GMT-0500,30.962,30.938000000000002,0.1,0.1
06.04.2021 14:58:32.886 GMT-0500,30.963,30.947,0.1,0.0008
06.04.2021 14:58:36.791 GMT-0500,30.971999999999998,30.958000000000002,0.1,0.1
06.04.2021 14:59:14.946 GMT-0500,30.983000000000004,30.967,0.1,0.1
06.04.2021 14:59:39.068 GMT-0500,30.971999999999998,30.958000000000002,0.1,0.1
06.04.2021 14:59:52.029 GMT-0500,30.982,30.958000000000002,0.1,0.1
06.04.2021 14:59:53.127 GMT-0500,30.973000000000003,30.956999999999997,0.1,0.1
06.04.2021 14:59:53.653 GMT-0500,30.983000000000004,30.967,0.1,0.1
06.04.2021 14:59:59.868 GMT-0500,30.982,30.958000000000002,0.1,0.1