time,ask,bid,ticker
1589259600000000000,124.480003,123.779999,WMT
1589259600000000000,21.610001,23.500000,BGS
1589259600000000000,4.780000,4.540000,GME
1589259600000000000,45.419998,44.119999,XOM
1589259600000000000,5.770000,5.120000,AMC
1589259600000000000,51.750000,50.490002,NHI
1589259600000000000,90.000000,90.459999,ABBV
1589346000000000000,123.500000,123.709999,WMT
1589346000000000000,24.520000,24.860001,BGS
1589346000000000000,4.540000,4.210000,GME
1589346000000000000,43.740002,41.930000,XOM
1589346000000000000,49.770000,47.740002,NHI
1589346000000000000,5.020000,4.600000,AMC
1589346000000000000,90.739998,88.870003,ABBV
1589432400000000000,124.849998,123.419998,WMT
1589432400000000000,24.750000,23.719999,BGS
1589432400000000000,4.150000,4.130000,GME
1589432400000000000,4.250000,4.550000,AMC
1589432400000000000,41.070000,42.299999,XOM
1589432400000000000,46.290001,47.560001,NHI
1589432400000000000,87.620003,89.940002,ABBV
1589518800000000000,123.470001,125.940002,WMT
1589518800000000000,23.910000,23.990000,BGS
1589518800000000000,4.050000,4.220000,GME
1589518800000000000,4.470000,4.520000,AMC
1589518800000000000,42.380001,42.000000,XOM
1589518800000000000,47.160000,46.740002,NHI
1589518800000000000,90.010002,90.709999,ABBV
1589778000000000000,127.500000,127.660004,WMT
1589778000000000000,24.219999,23.740000,BGS
1589778000000000000,4.400000,4.580000,GME
1589778000000000000,4.800000,4.720000,AMC
1589778000000000000,44.400002,45.340000,XOM
1589778000000000000,49.320000,54.900002,NHI
1589778000000000000,92.000000,91.470001,ABBV
1589864400000000000,131.750000,124.949997,WMT
1589864400000000000,23.549999,23.049999,BGS
1589864400000000000,4.580000,4.440000,GME
1589864400000000000,4.820000,4.560000,AMC
1589864400000000000,45.549999,43.939999,XOM
1589864400000000000,54.900002,54.169998,NHI
1589864400000000000,91.260002,91.199997,ABBV
1589950800000000000,126.489998,125.449997,WMT
1589950800000000000,23.260000,22.340000,BGS
1589950800000000000,4.500000,4.430000,GME
1589950800000000000,4.690000,4.660000,AMC
1589950800000000000,44.619999,45.369999,XOM
1589950800000000000,54.860001,53.410000,NHI
1589950800000000000,92.129997,91.190002,ABBV
1590037200000000000,124.889999,124.989998,WMT
1590037200000000000,22.290001,22.090000,BGS
1590037200000000000,4.450000,4.440000,GME
1590037200000000000,4.680000,4.630000,AMC
1590037200000000000,45.439999,44.560001,XOM
1590037200000000000,53.000000,53.889999,NHI
1590037200000000000,91.279999,93.019997,ABBV
1590123600000000000,125.099998,124.330002,WMT
1590123600000000000,22.150000,22.270000,BGS
1590123600000000000,4.460000,4.180000,GME
1590123600000000000,4.660000,4.580000,AMC
1590123600000000000,44.049999,44.599998,XOM
1590123600000000000,53.799999,52.980000,NHI
1590123600000000000,92.870003,92.099998,ABBV
1590469200000000000,124.339996,123.860001,WMT
1590469200000000000,22.610001,22.820000,BGS
1590469200000000000,4.340000,4.420000,GME
1590469200000000000,4.800000,5.110000,AMC
1590469200000000000,45.740002,45.910000,XOM
1590469200000000000,56.369999,56.779999,NHI
1590469200000000000,93.449997,90.709999,ABBV
1590555600000000000,123.970001,122.480003,WMT
1590555600000000000,22.850000,23.930000,BGS
1590555600000000000,4.570000,4.690000,GME
1590555600000000000,46.660000,46.240002,XOM
1590555600000000000,5.480000,5.600000,AMC
1590555600000000000,58.650002,58.790001,NHI
1590555600000000000,90.540001,89.980003,ABBV
1590642000000000000,123.720001,123.690002,WMT
1590642000000000000,24.000000,23.389999,BGS
1590642000000000000,4.750000,4.330000,GME
1590642000000000000,46.430000,45.040001,XOM
1590642000000000000,5.650000,5.070000,AMC
1590642000000000000,59.720001,57.810001,NHI
1590642000000000000,90.870003,90.029999,ABBV
1590728400000000000,124.239998,124.059998,WMT
1590728400000000000,23.400000,23.219999,BGS
1590728400000000000,4.330000,4.060000,GME
1590728400000000000,44.820000,45.470001,XOM
1590728400000000000,5.000000,5.130000,AMC
1590728400000000000,56.849998,55.490002,NHI
1590728400000000000,91.000000,92.669998,ABBV
1590987600000000000,123.440002,123.959999,WMT
1590987600000000000,23.250000,24.170000,BGS
1590987600000000000,4.120000,4.130000,GME
1590987600000000000,45.320000,46.279999,XOM
1590987600000000000,5.030000,5.310000,AMC
1590987600000000000,55.590000,56.700001,NHI
1590987600000000000,92.050003,90.699997,ABBV
1591074000000000000,123.589996,123.940002,WMT
1591074000000000000,24.040001,24.059999,BGS
1591074000000000000,4.270000,4.180000,GME
1591074000000000000,46.860001,47.310001,XOM
1591074000000000000,5.350000,5.590000,AMC
1591074000000000000,57.549999,58.119999,NHI
1591074000000000000,90.970001,91.040001,ABBV
1591160400000000000,123.900002,123.470001,WMT
1591160400000000000,24.750000,24.049999,BGS
1591160400000000000,4.240000,4.440000,GME
1591160400000000000,48.000000,49.240002,XOM
1591160400000000000,5.270000,5.450000,AMC
1591160400000000000,59.369999,61.529999,NHI
1591160400000000000,91.470001,90.889999,ABBV
1591246800000000000,122.800003,122.110001,WMT
1591246800000000000,24.270000,24.250000,BGS
1591246800000000000,4.440000,4.470000,GME
1591246800000000000,48.880001,49.099998,XOM
1591246800000000000,5.170000,5.380000,AMC
1591246800000000000,60.939999,61.360001,NHI
1591246800000000000,90.279999,93.040001,ABBV
1591333200000000000,122.570000,121.559998,WMT
1591333200000000000,24.360001,24.740000,BGS
1591333200000000000,4.290000,4.140000,GME
1591333200000000000,5.780000,5.910000,AMC
1591333200000000000,51.650002,53.080002,XOM
1591333200000000000,64.059998,65.250000,NHI
1591333200000000000,93.500000,93.849998,ABBV
1591592400000000000,119.580002,121.239998,WMT
1591592400000000000,24.930000,26.250000,BGS
1591592400000000000,4.280000,5.010000,GME
1591592400000000000,54.720001,54.740002,XOM
1591592400000000000,6.270000,6.450000,AMC
1591592400000000000,66.059998,68.110001,NHI
1591592400000000000,92.910004,94.589996,ABBV
1591678800000000000,121.599998,121.349998,WMT
1591678800000000000,26.000000,25.299999,BGS
1591678800000000000,5.000000,4.960000,GME
1591678800000000000,52.880001,53.520000,XOM
1591678800000000000,6.100000,5.990000,AMC
1591678800000000000,66.360001,65.650002,NHI
1591678800000000000,94.949997,96.169998,ABBV
1591765200000000000,121.559998,121.160004,WMT
1591765200000000000,25.410000,25.340000,BGS
1591765200000000000,4.780000,5.070000,GME
1591765200000000000,53.500000,50.650002,XOM
1591765200000000000,65.000000,62.830002,NHI
1591765200000000000,7.300000,6.290000,AMC
1591765200000000000,96.989998,96.900002,ABBV
1591851600000000000,120.989998,120.089996,WMT
1591851600000000000,24.809999,21.870001,BGS
1591851600000000000,4.640000,4.370000,GME
1591851600000000000,47.529999,46.180000,XOM
1591851600000000000,5.530000,5.170000,AMC
1591851600000000000,59.500000,57.080002,NHI
1591851600000000000,95.690002,92.260002,ABBV
1591938000000000000,120.510002,117.739998,WMT
1591938000000000000,22.670000,23.240000,BGS
1591938000000000000,4.600000,4.720000,GME
1591938000000000000,48.040001,47.169998,XOM
1591938000000000000,5.690000,5.890000,AMC
1591938000000000000,60.000000,59.189999,NHI
1591938000000000000,93.739998,92.459999,ABBV
1592197200000000000,118.400002,118.080002,WMT
1592197200000000000,23.000000,24.320000,BGS
1592197200000000000,4.500000,4.690000,GME
1592197200000000000,45.349998,47.139999,XOM
1592197200000000000,5.420000,5.800000,AMC
1592197200000000000,57.169998,60.950001,NHI
1592197200000000000,91.269997,93.080002,ABBV
1592283600000000000,119.800003,119.650002,WMT
1592283600000000000,24.700001,24.340000,BGS
1592283600000000000,4.950000,4.640000,GME
1592283600000000000,49.570000,48.200001,XOM
1592283600000000000,6.020000,5.560000,AMC
1592283600000000000,64.519997,64.540001,NHI
1592283600000000000,94.860001,96.059998,ABBV
1592370000000000000,119.860001,119.029999,WMT
1592370000000000000,24.350000,24.320000,BGS
1592370000000000000,4.540000,4.760000,GME
1592370000000000000,48.000000,46.630001,XOM
1592370000000000000,5.410000,5.420000,AMC
1592370000000000000,65.089996,62.750000,NHI
1592370000000000000,96.849998,95.739998,ABBV
1592456400000000000,118.540001,117.989998,WMT
1592456400000000000,24.360001,24.299999,BGS
1592456400000000000,4.670000,4.950000,GME
1592456400000000000,46.110001,46.919998,XOM
1592456400000000000,5.350000,5.630000,AMC
1592456400000000000,61.459999,63.419998,NHI
1592456400000000000,95.559998,96.230003,ABBV
1592542800000000000,118.889999,119.849998,WMT
1592542800000000000,24.430000,24.360001,BGS
1592542800000000000,4.950000,4.880000,GME
1592542800000000000,48.220001,45.980000,XOM
1592542800000000000,6.200000,5.520000,AMC
1592542800000000000,62.900002,59.930000,NHI
1592542800000000000,97.720001,96.709999,ABBV
1592802000000000000,120.970001,121.680000,WMT
1592802000000000000,24.370001,24.059999,BGS
1592802000000000000,4.790000,4.870000,GME
1592802000000000000,45.689999,46.419998,XOM
1592802000000000000,5.480000,5.330000,AMC
1592802000000000000,59.970001,59.570000,NHI
1592802000000000000,96.639999,97.269997,ABBV
1592888400000000000,122.750000,121.070000,WMT
1592888400000000000,24.250000,23.910000,BGS
1592888400000000000,4.950000,4.830000,GME
1592888400000000000,46.900002,46.700001,XOM
1592888400000000000,5.370000,5.100000,AMC
1592888400000000000,60.599998,59.290001,NHI
1592888400000000000,98.419998,97.309998,ABBV
1592974800000000000,120.739998,120.300003,WMT
1592974800000000000,24.000000,24.330000,BGS
1592974800000000000,4.830000,4.410000,GME
1592974800000000000,4.990000,4.790000,AMC
1592974800000000000,45.910000,44.500000,XOM
1592974800000000000,58.169998,57.450001,NHI
1592974800000000000,96.459999,95.139999,ABBV
1593061200000000000,119.760002,119.709999,WMT
1593061200000000000,24.299999,24.639999,BGS
1593061200000000000,4.330000,4.460000,GME
1593061200000000000,4.570000,4.270000,AMC
1593061200000000000,44.049999,45.169998,XOM
1593061200000000000,56.930000,59.639999,NHI
1593061200000000000,95.180000,96.989998,ABBV
1593147600000000000,119.599998,118.320000,WMT
1593147600000000000,24.530001,24.299999,BGS
1593147600000000000,4.260000,4.180000,AMC
1593147600000000000,4.480000,4.350000,GME
1593147600000000000,44.880001,43.619999,XOM
1593147600000000000,59.090000,59.060001,NHI
1593147600000000000,96.889999,96.129997,ABBV
1593406800000000000,118.500000,119.059998,WMT
1593406800000000000,23.969999,24.459999,BGS
1593406800000000000,3.910000,4.420000,AMC
1593406800000000000,4.350000,4.380000,GME
1593406800000000000,43.810001,44.320000,XOM
1593406800000000000,58.779999,60.349998,NHI
1593406800000000000,96.500000,96.440002,ABBV
1593493200000000000,119.220001,119.779999,WMT
1593493200000000000,24.500000,24.379999,BGS
1593493200000000000,4.330000,4.340000,GME
1593493200000000000,4.340000,4.290000,AMC
1593493200000000000,43.430000,44.720001,XOM
1593493200000000000,60.160000,60.720001,NHI
1593493200000000000,95.970001,98.180000,ABBV
1593579600000000000,119.449997,119.690002,WMT
1593579600000000000,24.190001,24.170000,BGS
1593579600000000000,4.260000,4.570000,AMC
1593579600000000000,4.310000,4.440000,GME
1593579600000000000,44.490002,43.709999,XOM
1593579600000000000,60.799999,62.799999,NHI
1593579600000000000,98.500000,99.139999,ABBV
1593666000000000000,120.089996,119.209999,WMT
1593666000000000000,24.459999,24.350000,BGS
1593666000000000000,4.490000,4.290000,GME
1593666000000000000,4.690000,4.530000,AMC
1593666000000000000,44.619999,44.080002,XOM
1593666000000000000,64.129997,61.330002,NHI
1593666000000000000,99.449997,98.879997,ABBV
1594011600000000000,119.800003,118.889999,WMT
1594011600000000000,24.650000,24.850000,BGS
1594011600000000000,4.310000,4.240000,GME
1594011600000000000,4.620000,4.280000,AMC
1594011600000000000,44.669998,44.389999,XOM
1594011600000000000,63.250000,60.169998,NHI
1594011600000000000,99.639999,99.010002,ABBV
1594098000000000000,118.449997,126.949997,WMT
1594098000000000000,24.700001,25.360001,BGS
1594098000000000000,4.180000,4.130000,AMC
1594098000000000000,4.200000,4.090000,GME
1594098000000000000,43.900002,43.240002,XOM
1594098000000000000,59.000000,58.220001,NHI
1594098000000000000,98.680000,99.349998,ABBV
1594184400000000000,128.000000,124.440002,WMT
1594184400000000000,25.540001,25.459999,BGS
1594184400000000000,4.100000,4.260000,GME
1594184400000000000,4.490000,4.430000,AMC
1594184400000000000,43.150002,43.139999,XOM
1594184400000000000,58.080002,57.279999,NHI
1594184400000000000,99.750000,99.279999,ABBV
1594270800000000000,125.610001,127.750000,WMT
1594270800000000000,25.500000,24.450001,BGS
1594270800000000000,4.270000,4.210000,GME
1594270800000000000,4.480000,4.570000,AMC
1594270800000000000,42.900002,41.360001,XOM
1594270800000000000,57.110001,56.279999,NHI
1594270800000000000,99.080002,97.940002,ABBV
1594357200000000000,128.740005,130.679993,WMT
1594357200000000000,24.270000,24.969999,BGS
1594357200000000000,4.200000,4.340000,GME
1594357200000000000,4.390000,4.600000,AMC
1594357200000000000,41.119999,42.650002,XOM
1594357200000000000,56.349998,56.240002,NHI
1594357200000000000,98.059998,96.830002,ABBV
1594616400000000000,131.330002,129.520004,WMT
1594616400000000000,25.170000,24.850000,BGS
1594616400000000000,4.350000,4.260000,GME
1594616400000000000,4.760000,4.260000,AMC
1594616400000000000,42.980000,42.660000,XOM
1594616400000000000,56.299999,55.930000,NHI
1594616400000000000,97.360001,97.860001,ABBV
1594702800000000000,129.279999,132.009995,WMT
1594702800000000000,24.900000,25.650000,BGS
1594702800000000000,4.220000,4.080000,GME
1594702800000000000,4.250000,4.220000,AMC
1594702800000000000,42.529999,44.070000,XOM
1594702800000000000,56.040001,56.389999,NHI
1594702800000000000,96.970001,98.870003,ABBV
1594789200000000000,100.000000,100.480003,ABBV
1594789200000000000,132.270004,132.000000,WMT
1594789200000000000,25.990000,25.379999,BGS
1594789200000000000,4.130000,4.190000,GME
1594789200000000000,4.370000,4.500000,AMC
1594789200000000000,45.029999,44.630001,XOM
1594789200000000000,58.259998,57.369999,NHI
1594875600000000000,132.050003,132.199997,WMT
1594875600000000000,25.370001,25.530001,BGS
1594875600000000000,4.190000,4.170000,GME
1594875600000000000,4.330000,4.380000,AMC
1594875600000000000,44.310001,44.279999,XOM
1594875600000000000,56.990002,57.380001,NHI
1594875600000000000,99.690002,99.919998,ABBV
1594962000000000000,100.290001,100.830002,ABBV
1594962000000000000,133.369995,131.740005,WMT
1594962000000000000,25.730000,26.100000,BGS
1594962000000000000,4.160000,3.960000,GME
1594962000000000000,4.360000,4.270000,AMC
1594962000000000000,44.330002,43.520000,XOM
1594962000000000000,57.689999,59.450001,NHI
1595221200000000000,100.760002,99.540001,ABBV
1595221200000000000,131.960007,131.470001,WMT
1595221200000000000,26.000000,25.700001,BGS
1595221200000000000,3.950000,3.850000,GME
1595221200000000000,4.210000,4.150000,AMC
1595221200000000000,43.209999,42.500000,XOM
1595221200000000000,59.290001,58.330002,NHI
1595307600000000000,131.559998,132.330002,WMT
1595307600000000000,25.900000,26.459999,BGS
1595307600000000000,3.900000,4.010000,GME
1595307600000000000,4.150000,4.150000,AMC
1595307600000000000,43.150002,44.650002,XOM
1595307600000000000,58.880001,58.410000,NHI
1595307600000000000,99.809998,97.400002,ABBV
1595394000000000000,132.570007,132.660004,WMT
1595394000000000000,26.420000,26.270000,BGS
1595394000000000000,4.020000,4.110000,GME
1595394000000000000,4.100000,4.030000,AMC
1595394000000000000,44.150002,43.610001,XOM
1595394000000000000,58.400002,60.450001,NHI
1595394000000000000,97.800003,97.699997,ABBV
1595480400000000000,133.000000,131.639999,WMT
1595480400000000000,26.250000,26.650000,BGS
1595480400000000000,4.080000,4.060000,AMC
1595480400000000000,4.090000,4.110000,GME
1595480400000000000,43.400002,43.700001,XOM
1595480400000000000,59.630001,60.570000,NHI
1595480400000000000,98.239998,98.029999,ABBV
1595566800000000000,130.949997,131.240005,WMT
1595566800000000000,26.620001,26.200001,BGS
1595566800000000000,4.000000,4.000000,AMC
1595566800000000000,4.060000,4.030000,GME
1595566800000000000,43.880001,43.430000,XOM
1595566800000000000,60.570000,59.150002,NHI
1595566800000000000,98.050003,97.110001,ABBV
1595826000000000000,130.860001,131.210007,WMT
1595826000000000000,26.410000,27.110001,BGS
1595826000000000000,4.010000,3.870000,AMC
1595826000000000000,4.020000,4.010000,GME
1595826000000000000,43.230000,44.070000,XOM
1595826000000000000,58.959999,60.330002,NHI
1595826000000000000,96.349998,97.160004,ABBV
1595912400000000000,131.500000,131.759995,WMT
1595912400000000000,26.959999,27.090000,BGS
1595912400000000000,3.850000,4.150000,AMC
1595912400000000000,3.960000,3.940000,GME
1595912400000000000,43.910000,43.549999,XOM
1595912400000000000,59.970001,61.950001,NHI
1595912400000000000,97.000000,96.709999,ABBV
1595998800000000000,131.559998,130.690002,WMT
1595998800000000000,27.400000,27.680000,BGS
1595998800000000000,3.940000,4.060000,GME
1595998800000000000,4.070000,4.160000,AMC
1595998800000000000,43.709999,44.029999,XOM
1595998800000000000,62.500000,63.750000,NHI
1595998800000000000,96.870003,97.010002,ABBV
1596085200000000000,129.419998,130.119995,WMT
1596085200000000000,27.900000,27.590000,BGS
1596085200000000000,4.000000,4.100000,GME
1596085200000000000,4.120000,4.120000,AMC
1596085200000000000,43.130001,41.869999,XOM
1596085200000000000,62.689999,63.540001,NHI
1596085200000000000,96.309998,96.040001,ABBV
1596171600000000000,129.649994,129.399994,WMT
1596171600000000000,28.500000,28.910000,BGS
1596171600000000000,4.060000,4.010000,GME
1596171600000000000,4.080000,4.040000,AMC
1596171600000000000,41.160000,42.080002,XOM
1596171600000000000,63.410000,62.000000,NHI
1596171600000000000,95.540001,94.910004,ABBV
1596430800000000000,129.910004,129.300003,WMT
1596430800000000000,29.240000,29.320000,BGS
1596430800000000000,4.030000,4.150000,GME
1596430800000000000,4.050000,4.110000,AMC
1596430800000000000,42.049999,42.250000,XOM
1596430800000000000,61.740002,61.419998,NHI
1596430800000000000,95.190002,95.940002,ABBV
1596517200000000000,129.649994,131.639999,WMT
1596517200000000000,29.450001,29.510000,BGS
1596517200000000000,4.070000,4.100000,AMC
1596517200000000000,4.130000,4.430000,GME
1596517200000000000,42.340000,43.470001,XOM
1596517200000000000,61.310001,62.080002,NHI
1596517200000000000,95.919998,94.290001,ABBV
1596603600000000000,130.449997,129.809998,WMT
1596603600000000000,29.850000,30.340000,BGS
1596603600000000000,4.080000,4.150000,AMC
1596603600000000000,4.500000,4.630000,GME
1596603600000000000,44.150002,43.849998,XOM
1596603600000000000,62.610001,62.349998,NHI
1596603600000000000,94.470001,93.250000,ABBV
1596690000000000000,129.130005,129.350006,WMT
1596690000000000000,30.230000,29.340000,BGS
1596690000000000000,4.110000,4.140000,AMC
1596690000000000000,4.600000,4.430000,GME
1596690000000000000,43.400002,43.639999,XOM
1596690000000000000,62.060001,63.700001,NHI
1596690000000000000,93.320000,92.570000,ABBV
1596776400000000000,129.580002,129.970001,WMT
1596776400000000000,29.440001,29.549999,BGS
1596776400000000000,4.140000,4.750000,AMC
1596776400000000000,4.390000,4.160000,GME
1596776400000000000,43.230000,43.439999,XOM
1596776400000000000,63.430000,65.650002,NHI
1596776400000000000,92.690002,92.919998,ABBV
1597035600000000000,130.240005,131.880005,WMT
1597035600000000000,29.549999,29.270000,BGS
1597035600000000000,4.200000,4.330000,GME
1597035600000000000,4.650000,4.470000,AMC
1597035600000000000,43.990002,44.509998,XOM
1597035600000000000,65.639999,66.250000,NHI
1597035600000000000,92.629997,92.379997,ABBV
1597122000000000000,132.589996,130.199997,WMT
1597122000000000000,29.469999,28.809999,BGS
1597122000000000000,4.430000,4.350000,GME
1597122000000000000,4.700000,4.560000,AMC
1597122000000000000,45.500000,44.970001,XOM
1597122000000000000,67.800003,65.690002,NHI
1597122000000000000,92.309998,92.669998,ABBV
1597208400000000000,130.470001,131.889999,WMT
1597208400000000000,28.930000,29.340000,BGS
1597208400000000000,4.400000,4.520000,GME
1597208400000000000,4.620000,4.640000,AMC
1597208400000000000,44.459999,44.090000,XOM
1597208400000000000,66.559998,66.449997,NHI
1597208400000000000,93.449997,95.510002,ABBV
1597294800000000000,131.210007,131.850006,WMT
1597294800000000000,29.299999,29.280001,BGS
1597294800000000000,4.520000,4.640000,GME
1597294800000000000,43.500000,43.009998,XOM
1597294800000000000,5.100000,5.310000,AMC
1597294800000000000,65.750000,64.000000,NHI
1597294800000000000,95.139999,94.680000,ABBV
1597381200000000000,132.339996,132.600006,WMT
1597381200000000000,29.290001,29.170000,BGS
1597381200000000000,4.600000,4.750000,GME
1597381200000000000,42.599998,43.200001,XOM
1597381200000000000,5.560000,5.540000,AMC
1597381200000000000,64.019997,63.820000,NHI
1597381200000000000,95.379997,95.070000,ABBV
1597640400000000000,134.350006,135.600006,WMT
1597640400000000000,29.350000,29.790001,BGS
1597640400000000000,4.780000,4.630000,GME
1597640400000000000,43.169998,42.639999,XOM
1597640400000000000,5.720000,5.600000,AMC
1597640400000000000,63.860001,64.010002,NHI
1597640400000000000,95.290001,96.349998,ABBV
1597726800000000000,136.169998,134.710007,WMT
1597726800000000000,29.959999,30.010000,BGS
1597726800000000000,4.610000,4.810000,GME
1597726800000000000,42.590000,42.430000,XOM
1597726800000000000,5.570000,5.350000,AMC
1597726800000000000,63.900002,62.419998,NHI
1597726800000000000,96.620003,95.650002,ABBV
1597813200000000000,134.210007,132.410004,WMT
1597813200000000000,29.889999,30.219999,BGS
1597813200000000000,4.800000,4.720000,GME
1597813200000000000,42.349998,41.959999,XOM
1597813200000000000,5.340000,5.390000,AMC
1597813200000000000,62.110001,60.880001,NHI
1597813200000000000,97.110001,96.099998,ABBV
1597899600000000000,131.210007,130.570007,WMT
1597899600000000000,30.230000,29.920000,BGS
1597899600000000000,4.620000,4.610000,GME
1597899600000000000,41.689999,41.320000,XOM
1597899600000000000,5.570000,5.690000,AMC
1597899600000000000,60.669998,62.869999,NHI
1597899600000000000,95.489998,95.199997,ABBV
1597986000000000000,130.550003,131.630005,WMT
1597986000000000000,29.740000,30.059999,BGS
1597986000000000000,4.600000,5.030000,GME
1597986000000000000,41.299999,41.009998,XOM
1597986000000000000,5.680000,5.190000,AMC
1597986000000000000,62.380001,62.630001,NHI
1597986000000000000,95.199997,94.860001,ABBV
1598245200000000000,132.250000,131.330002,WMT
1598245200000000000,30.110001,30.500000,BGS
1598245200000000000,41.279999,42.220001,XOM
1598245200000000000,5.100000,4.870000,GME
1598245200000000000,5.350000,5.410000,AMC
1598245200000000000,62.619999,63.349998,NHI
1598245200000000000,94.900002,94.510002,ABBV
1598331600000000000,130.800003,130.630005,WMT
1598331600000000000,30.790001,31.120001,BGS
1598331600000000000,4.880000,4.980000,GME
1598331600000000000,41.660000,40.880001,XOM
1598331600000000000,5.460000,5.540000,AMC
1598331600000000000,63.340000,62.509998,NHI
1598331600000000000,94.209999,94.059998,ABBV
1598418000000000000,130.210007,130.699997,WMT
1598418000000000000,31.379999,31.180000,BGS
1598418000000000000,4.970000,5.110000,GME
1598418000000000000,40.639999,40.009998,XOM
1598418000000000000,5.450000,5.600000,AMC
1598418000000000000,62.189999,61.520000,NHI
1598418000000000000,93.500000,94.349998,ABBV
1598504400000000000,131.080002,136.630005,WMT
1598504400000000000,31.180000,31.370001,BGS
1598504400000000000,40.000000,39.740002,XOM
1598504400000000000,5.110000,5.250000,GME
1598504400000000000,5.810000,6.520000,AMC
1598504400000000000,61.849998,63.160000,NHI
1598504400000000000,94.330002,94.300003,ABBV
1598590800000000000,141.000000,140.300003,WMT
1598590800000000000,31.709999,31.350000,BGS
1598590800000000000,39.840000,40.689999,XOM
1598590800000000000,5.300000,5.390000,GME
1598590800000000000,6.490000,6.300000,AMC
1598590800000000000,63.240002,63.119999,NHI
1598590800000000000,94.519997,94.169998,ABBV
1598850000000000000,137.479996,138.850006,WMT
1598850000000000000,31.350000,31.139999,BGS
1598850000000000000,40.639999,39.939999,XOM
1598850000000000000,5.770000,6.680000,GME
1598850000000000000,6.330000,5.880000,AMC
1598850000000000000,63.000000,62.250000,NHI
1598850000000000000,94.120003,95.769997,ABBV
1598936400000000000,141.199997,147.589996,WMT
1598936400000000000,31.040001,30.530001,BGS
1598936400000000000,39.750000,39.430000,XOM
1598936400000000000,5.790000,6.070000,AMC
1598936400000000000,61.610001,62.580002,NHI
1598936400000000000,7.300000,7.650000,GME
1598936400000000000,95.519997,92.239998,ABBV
1599022800000000000,151.250000,147.679993,WMT
1599022800000000000,30.520000,31.010000,BGS
1599022800000000000,39.230000,39.189999,XOM
1599022800000000000,62.230000,64.080002,NHI
1599022800000000000,7.010000,7.040000,AMC
1599022800000000000,7.800000,7.710000,GME
1599022800000000000,92.070000,93.949997,ABBV
1599109200000000000,146.699997,144.539993,WMT
1599109200000000000,31.010000,30.459999,BGS
1599109200000000000,39.200001,39.110001,XOM
1599109200000000000,6.940000,6.600000,AMC
1599109200000000000,64.410004,64.610001,NHI
1599109200000000000,7.880000,7.820000,GME
1599109200000000000,93.879997,91.870003,ABBV
1599195600000000000,144.020004,142.830002,WMT
1599195600000000000,30.750000,30.000000,BGS
1599195600000000000,39.459999,39.080002,XOM
1599195600000000000,6.760000,7.020000,AMC
1599195600000000000,65.099998,63.959999,NHI
1599195600000000000,7.780000,7.650000,GME
1599195600000000000,92.080002,91.870003,ABBV
1599541200000000000,141.410004,138.449997,WMT
1599541200000000000,30.000000,28.110001,BGS
1599541200000000000,38.250000,38.180000,XOM
1599541200000000000,6.760000,6.420000,AMC
1599541200000000000,63.330002,64.730003,NHI
1599541200000000000,7.550000,7.700000,GME
1599541200000000000,91.519997,90.220001,ABBV
1599627600000000000,140.089996,139.889999,WMT
1599627600000000000,28.590000,28.719999,BGS
1599627600000000000,38.349998,37.950001,XOM
1599627600000000000,6.540000,6.260000,AMC
1599627600000000000,65.209999,65.010002,NHI
1599627600000000000,7.960000,7.350000,GME
1599627600000000000,90.860001,91.629997,ABBV
1599714000000000000,140.059998,136.809998,WMT
1599714000000000000,28.680000,27.059999,BGS
1599714000000000000,38.270000,37.000000,XOM
1599714000000000000,6.280000,5.940000,AMC
1599714000000000000,6.650000,6.230000,GME
1599714000000000000,64.779999,64.860001,NHI
1599714000000000000,91.070000,89.650002,ABBV
1599800400000000000,137.050003,136.699997,WMT
1599800400000000000,27.230000,26.469999,BGS
1599800400000000000,37.130001,36.900002,XOM
1599800400000000000,6.060000,5.790000,AMC
1599800400000000000,6.260000,6.090000,GME
1599800400000000000,64.860001,63.389999,NHI
1599800400000000000,89.809998,89.699997,ABBV
1600059600000000000,136.139999,137.320007,WMT
1600059600000000000,26.639999,27.030001,BGS
1600059600000000000,36.910000,36.660000,XOM
1600059600000000000,5.840000,5.540000,AMC
1600059600000000000,6.800000,6.910000,GME
1600059600000000000,63.889999,65.190002,NHI
1600059600000000000,90.050003,90.489998,ABBV
1600146000000000000,138.229996,137.360001,WMT
1600146000000000000,27.209999,26.290001,BGS
1600146000000000000,36.799999,36.270000,XOM
1600146000000000000,5.600000,5.520000,AMC
1600146000000000000,6.860000,7.090000,GME
1600146000000000000,65.330002,64.889999,NHI
1600146000000000000,91.400002,90.910004,ABBV
1600232400000000000,138.410004,136.259995,WMT
1600232400000000000,26.350000,26.400000,BGS
1600232400000000000,36.459999,37.810001,XOM
1600232400000000000,5.520000,5.760000,AMC
1600232400000000000,65.440002,64.720001,NHI
1600232400000000000,7.030000,8.680000,GME
1600232400000000000,91.019997,89.779999,ABBV
1600318800000000000,135.429993,136.690002,WMT
1600318800000000000,26.610001,27.000000,BGS
1600318800000000000,37.349998,37.799999,XOM
1600318800000000000,5.670000,5.720000,AMC
1600318800000000000,64.269997,63.790001,NHI
1600318800000000000,8.570000,9.200000,GME
1600318800000000000,89.300003,89.629997,ABBV
1600405200000000000,136.440002,135.289993,WMT
1600405200000000000,27.320000,27.240000,BGS
1600405200000000000,37.529999,37.189999,XOM
1600405200000000000,5.710000,5.670000,AMC
1600405200000000000,64.070000,62.520000,NHI
1600405200000000000,89.489998,90.110001,ABBV
1600405200000000000,9.200000,9.470000,GME
1600664400000000000,136.500000,137.070007,WMT
1600664400000000000,27.000000,27.799999,BGS
1600664400000000000,36.430000,36.430000,XOM
1600664400000000000,5.420000,5.320000,AMC
1600664400000000000,61.020000,59.889999,NHI
1600664400000000000,89.139999,89.089996,ABBV
1600664400000000000,9.350000,8.750000,GME
1600750800000000000,10.450000,10.560000,GME
1600750800000000000,137.070007,138.309998,WMT
1600750800000000000,27.969999,27.629999,BGS
1600750800000000000,36.459999,35.529999,XOM
1600750800000000000,5.220000,5.210000,AMC
1600750800000000000,60.160000,60.770000,NHI
1600750800000000000,88.900002,88.599998,ABBV
1600837200000000000,10.600000,10.040000,GME
1600837200000000000,139.000000,135.990005,WMT
1600837200000000000,27.809999,27.120001,BGS
1600837200000000000,35.650002,34.389999,XOM
1600837200000000000,5.220000,4.780000,AMC
1600837200000000000,60.540001,57.759998,NHI
1600837200000000000,89.000000,87.139999,ABBV
1600923600000000000,135.729996,136.699997,WMT
1600923600000000000,27.059999,27.860001,BGS
1600923600000000000,34.400002,34.320000,XOM
1600923600000000000,4.690000,4.610000,AMC
1600923600000000000,57.939999,58.590000,NHI
1600923600000000000,87.000000,85.910004,ABBV
1600923600000000000,9.710000,9.140000,GME
1601010000000000000,136.520004,137.270004,WMT
1601010000000000000,27.860001,27.940001,BGS
1601010000000000000,34.000000,34.639999,XOM
1601010000000000000,4.640000,4.880000,AMC
1601010000000000000,58.130001,59.750000,NHI
1601010000000000000,86.000000,86.230003,ABBV
1601010000000000000,9.190000,10.020000,GME
1601269200000000000,10.160000,10.090000,GME
1601269200000000000,137.160004,137.250000,WMT
1601269200000000000,28.150000,28.440001,BGS
1601269200000000000,35.139999,35.310001,XOM
1601269200000000000,5.040000,4.910000,AMC
1601269200000000000,60.910000,61.810001,NHI
1601269200000000000,87.290001,87.279999,ABBV
1601355600000000000,10.000000,10.350000,GME
1601355600000000000,137.250000,137.139999,WMT
1601355600000000000,28.059999,27.809999,BGS
1601355600000000000,35.000000,34.279999,XOM
1601355600000000000,4.880000,4.860000,AMC
1601355600000000000,60.990002,60.590000,NHI
1601355600000000000,87.110001,86.889999,ABBV
1601442000000000000,10.250000,10.200000,GME
1601442000000000000,137.389999,139.910004,WMT
1601442000000000000,27.570000,27.770000,BGS
1601442000000000000,34.639999,34.330002,XOM
1601442000000000000,4.800000,4.710000,AMC
1601442000000000000,60.529999,60.270000,NHI
1601442000000000000,87.000000,87.589996,ABBV
1601528400000000000,10.090000,9.770000,GME
1601528400000000000,140.800003,143.080002,WMT
1601528400000000000,27.799999,27.809999,BGS
1601528400000000000,33.790001,33.130001,XOM
1601528400000000000,4.780000,4.650000,AMC
1601528400000000000,60.299999,61.779999,NHI
1601528400000000000,88.169998,87.139999,ABBV
1601614800000000000,142.339996,140.500000,WMT
1601614800000000000,27.520000,28.190001,BGS
1601614800000000000,32.250000,32.980000,XOM
1601614800000000000,4.480000,4.650000,AMC
1601614800000000000,60.590000,63.480000,NHI
1601614800000000000,86.500000,86.120003,ABBV
1601614800000000000,9.380000,9.390000,GME
1601874000000000000,141.289993,141.800003,WMT
1601874000000000000,28.219999,28.330000,BGS
1601874000000000000,33.320000,33.740002,XOM
1601874000000000000,4.300000,4.130000,AMC
1601874000000000000,63.790001,63.330002,NHI
1601874000000000000,86.489998,87.930000,ABBV
1601874000000000000,9.440000,9.460000,GME
1601960400000000000,141.869995,140.630005,WMT
1601960400000000000,28.330000,28.200001,BGS
1601960400000000000,34.119999,33.389999,XOM
1601960400000000000,4.260000,4.060000,AMC
1601960400000000000,63.660000,62.540001,NHI
1601960400000000000,87.970001,85.889999,ABBV
1601960400000000000,9.560000,9.130000,GME
1602046800000000000,141.259995,140.889999,WMT
1602046800000000000,28.320000,28.480000,BGS
1602046800000000000,33.639999,33.500000,XOM
1602046800000000000,4.080000,4.040000,AMC
1602046800000000000,62.910000,61.730000,NHI
1602046800000000000,86.160004,87.070000,ABBV
1602046800000000000,9.230000,9.360000,GME
1602133200000000000,141.509995,141.360001,WMT
1602133200000000000,28.530001,28.510000,BGS
1602133200000000000,33.880001,35.259998,XOM
1602133200000000000,4.130000,4.140000,AMC
1602133200000000000,62.130001,62.209999,NHI
1602133200000000000,87.269997,87.339996,ABBV
1602133200000000000,9.540000,13.490000,GME
1602219600000000000,12.830000,12.020000,GME
1602219600000000000,141.660004,142.779999,WMT
1602219600000000000,28.750000,28.730000,BGS
1602219600000000000,35.680000,34.740002,XOM
1602219600000000000,4.170000,4.050000,AMC
1602219600000000000,62.790001,61.130001,NHI
1602219600000000000,87.410004,87.699997,ABBV
1602478800000000000,11.660000,11.800000,GME
1602478800000000000,143.020004,144.250000,WMT
1602478800000000000,28.730000,29.100000,BGS
1602478800000000000,34.540001,34.630001,XOM
1602478800000000000,4.030000,4.080000,AMC
1602478800000000000,61.080002,61.910000,NHI
1602478800000000000,88.169998,88.320000,ABBV
1602565200000000000,11.730000,11.880000,GME
1602565200000000000,144.679993,146.229996,WMT
1602565200000000000,28.799999,29.260000,BGS
1602565200000000000,3.900000,3.540000,AMC
1602565200000000000,34.730000,34.220001,XOM
1602565200000000000,61.529999,59.910000,NHI
1602565200000000000,88.010002,87.830002,ABBV
1602651600000000000,12.670000,12.250000,GME
1602651600000000000,146.399994,143.940002,WMT
1602651600000000000,29.250000,29.020000,BGS
1602651600000000000,3.090000,2.960000,AMC
1602651600000000000,34.060001,34.150002,XOM
1602651600000000000,59.730000,59.169998,NHI
1602651600000000000,86.830002,86.070000,ABBV
1602738000000000000,11.990000,13.830000,GME
1602738000000000000,143.089996,144.529999,WMT
1602738000000000000,2.840000,2.780000,AMC
1602738000000000000,28.770000,29.379999,BGS
1602738000000000000,33.700001,34.450001,XOM
1602738000000000000,58.830002,60.360001,NHI
1602738000000000000,85.410004,85.230003,ABBV
1602824400000000000,13.770000,13.310000,GME
1602824400000000000,145.399994,144.710007,WMT
1602824400000000000,2.870000,3.040000,AMC
1602824400000000000,29.420000,28.530001,BGS
1602824400000000000,34.369999,34.099998,XOM
1602824400000000000,60.049999,58.759998,NHI
1602824400000000000,85.889999,86.269997,ABBV
1603083600000000000,13.440000,13.910000,GME
1603083600000000000,145.100006,142.949997,WMT
1603083600000000000,28.450001,28.530001,BGS
1603083600000000000,3.310000,3.540000,AMC
1603083600000000000,34.099998,33.419998,XOM
1603083600000000000,59.040001,56.660000,NHI
1603083600000000000,86.589996,84.309998,ABBV
1603170000000000000,14.030000,13.860000,GME
1603170000000000000,144.110001,143.899994,WMT
1603170000000000000,28.670000,27.959999,BGS
1603170000000000000,3.300000,3.090000,AMC
1603170000000000000,33.660000,33.700001,XOM
1603170000000000000,57.380001,57.240002,NHI
1603170000000000000,84.190002,84.250000,ABBV
1603256400000000000,13.900000,14.100000,GME
1603256400000000000,143.839996,144.399994,WMT
1603256400000000000,27.900000,28.030001,BGS
1603256400000000000,3.100000,3.000000,AMC
1603256400000000000,33.509998,33.160000,XOM
1603256400000000000,57.230000,56.040001,NHI
1603256400000000000,83.580002,82.889999,ABBV
1603342800000000000,14.200000,14.910000,GME
1603342800000000000,144.190002,143.550003,WMT
1603342800000000000,2.960000,3.120000,AMC
1603342800000000000,28.080000,28.110001,BGS
1603342800000000000,33.180000,34.860001,XOM
1603342800000000000,56.009998,56.840000,NHI
1603342800000000000,83.019997,84.309998,ABBV
1603429200000000000,143.970001,143.850006,WMT
1603429200000000000,15.050000,15.000000,GME
1603429200000000000,28.110001,28.180000,BGS
1603429200000000000,3.130000,2.970000,AMC
1603429200000000000,34.970001,34.160000,XOM
1603429200000000000,57.250000,56.910000,NHI
1603429200000000000,84.639999,84.339996,ABBV
1603688400000000000,14.930000,13.450000,GME
1603688400000000000,142.839996,142.160004,WMT
1603688400000000000,2.920000,2.750000,AMC
1603688400000000000,28.000000,27.889999,BGS
1603688400000000000,33.610001,33.349998,XOM
1603688400000000000,56.500000,56.580002,NHI
1603688400000000000,84.089996,83.919998,ABBV
1603774800000000000,13.710000,12.690000,GME
1603774800000000000,142.050003,142.869995,WMT
1603774800000000000,2.880000,2.790000,AMC
1603774800000000000,29.120001,28.740000,BGS
1603774800000000000,33.150002,32.820000,XOM
1603774800000000000,56.419998,55.910000,NHI
1603774800000000000,84.000000,82.709999,ABBV
1603861200000000000,12.270000,11.820000,GME
1603861200000000000,140.960007,140.039993,WMT
1603861200000000000,2.690000,2.610000,AMC
1603861200000000000,28.320000,26.790001,BGS
1603861200000000000,32.099998,31.570000,XOM
1603861200000000000,54.889999,54.599998,NHI
1603861200000000000,81.349998,80.489998,ABBV
1603947600000000000,11.880000,11.730000,GME
1603947600000000000,140.000000,139.919998,WMT
1603947600000000000,2.650000,2.520000,AMC
1603947600000000000,27.000000,26.950001,BGS
1603947600000000000,31.410000,32.970001,XOM
1603947600000000000,54.320000,56.410000,NHI
1603947600000000000,80.500000,80.669998,ABBV
1604034000000000000,11.640000,10.470000,GME
1604034000000000000,139.179993,138.750000,WMT
1604034000000000000,2.480000,2.360000,AMC
1604034000000000000,26.700001,26.559999,BGS
1604034000000000000,32.410000,32.619999,XOM
1604034000000000000,56.209999,56.049999,NHI
1604034000000000000,83.199997,85.099998,ABBV
1604296800000000000,10.820000,10.750000,GME
1604296800000000000,140.589996,140.399994,WMT
1604296800000000000,2.300000,2.150000,AMC
1604296800000000000,26.990000,28.000000,BGS
1604296800000000000,33.139999,33.990002,XOM
1604296800000000000,56.340000,58.689999,NHI
1604296800000000000,86.029999,88.250000,ABBV
1604383200000000000,10.750000,11.570000,GME
1604383200000000000,141.649994,142.779999,WMT
1604383200000000000,2.340000,2.340000,AMC
1604383200000000000,28.020000,28.730000,BGS
1604383200000000000,34.490002,33.410000,XOM
1604383200000000000,59.720001,59.680000,NHI
1604383200000000000,89.139999,87.959999,ABBV
1604469600000000000,11.760000,10.910000,GME
1604469600000000000,141.570007,141.960007,WMT
1604469600000000000,2.400000,2.310000,AMC
1604469600000000000,28.500000,28.030001,BGS
1604469600000000000,33.270000,33.230000,XOM
1604469600000000000,59.029999,58.150002,NHI
1604469600000000000,93.139999,94.500000,ABBV
1604556000000000000,11.270000,11.450000,GME
1604556000000000000,144.000000,143.470001,WMT
1604556000000000000,2.350000,2.460000,AMC
1604556000000000000,28.160000,28.200001,BGS
1604556000000000000,33.369999,33.169998,XOM
1604556000000000000,58.349998,57.500000,NHI
1604556000000000000,95.360001,93.690002,ABBV
1604642400000000000,11.520000,11.860000,GME
1604642400000000000,144.360001,145.770004,WMT
1604642400000000000,2.430000,2.490000,AMC
1604642400000000000,28.490000,28.680000,BGS
1604642400000000000,33.099998,32.779999,XOM
1604642400000000000,57.820000,56.220001,NHI
1604642400000000000,92.980003,92.849998,ABBV
1604901600000000000,12.760000,11.490000,GME
1604901600000000000,148.000000,143.539993,WMT
1604901600000000000,27.799999,26.760000,BGS
1604901600000000000,36.419998,36.930000,XOM
1604901600000000000,4.270000,3.770000,AMC
1604901600000000000,60.369999,63.119999,NHI
1604901600000000000,95.739998,95.120003,ABBV
1604988000000000000,11.500000,11.100000,GME
1604988000000000000,143.750000,145.559998,WMT
1604988000000000000,26.950001,26.900000,BGS
1604988000000000000,3.990000,3.510000,AMC
1604988000000000000,37.049999,36.860001,XOM
1604988000000000000,63.730000,64.599998,NHI
1604988000000000000,96.010002,98.870003,ABBV
1605074400000000000,11.500000,11.750000,GME
1605074400000000000,146.919998,147.979996,WMT
1605074400000000000,27.150000,27.670000,BGS
1605074400000000000,3.230000,3.130000,AMC
1605074400000000000,37.090000,36.480000,XOM
1605074400000000000,64.699997,64.349998,NHI
1605074400000000000,99.150002,98.150002,ABBV
1605160800000000000,11.740000,11.130000,GME
1605160800000000000,148.479996,148.229996,WMT
1605160800000000000,27.700001,27.559999,BGS
1605160800000000000,3.070000,2.940000,AMC
1605160800000000000,35.860001,35.230000,XOM
1605160800000000000,63.790001,63.220001,NHI
1605160800000000000,97.500000,97.599998,ABBV
1605247200000000000,11.360000,11.010000,GME
1605247200000000000,148.940002,150.539993,WMT
1605247200000000000,2.980000,2.970000,AMC
1605247200000000000,27.760000,27.410000,BGS
1605247200000000000,35.400002,36.080002,XOM
1605247200000000000,63.639999,66.349998,NHI
1605247200000000000,97.410004,99.040001,ABBV
1605506400000000000,11.160000,12.060000,GME
1605506400000000000,150.529999,152.440002,WMT
1605506400000000000,27.100000,26.840000,BGS
1605506400000000000,3.390000,3.110000,AMC
1605506400000000000,37.590000,38.160000,XOM
1605506400000000000,68.300003,66.839996,NHI
1605506400000000000,99.959999,98.360001,ABBV
1605592800000000000,11.650000,11.630000,GME
1605592800000000000,150.500000,149.369995,WMT
1605592800000000000,26.610001,26.459999,BGS
1605592800000000000,3.010000,2.980000,AMC
1605592800000000000,37.810001,38.669998,XOM
1605592800000000000,66.099998,66.550003,NHI
1605592800000000000,99.370003,99.209999,ABBV
1605679200000000000,100.000000,98.720001,ABBV
1605679200000000000,11.800000,11.570000,GME
1605679200000000000,149.860001,149.089996,WMT
1605679200000000000,26.600000,26.230000,BGS
1605679200000000000,3.080000,3.260000,AMC
1605679200000000000,39.020000,37.209999,XOM
1605679200000000000,66.209999,63.980000,NHI
1605765600000000000,11.600000,12.460000,GME
1605765600000000000,149.460007,152.119995,WMT
1605765600000000000,26.150000,26.570000,BGS
1605765600000000000,3.160000,3.190000,AMC
1605765600000000000,36.860001,37.400002,XOM
1605765600000000000,63.700001,65.540001,NHI
1605765600000000000,98.760002,99.669998,ABBV
1605852000000000000,12.550000,12.710000,GME
1605852000000000000,151.169998,150.240005,WMT
1605852000000000000,26.440001,26.240000,BGS
1605852000000000000,3.250000,3.350000,AMC
1605852000000000000,37.349998,36.939999,XOM
1605852000000000000,65.239998,64.769997,NHI
1605852000000000000,99.949997,100.839996,ABBV
1606111200000000000,101.940002,102.180000,ABBV
1606111200000000000,12.900000,13.900000,GME
1606111200000000000,150.369995,150.929993,WMT
1606111200000000000,26.219999,26.240000,BGS
1606111200000000000,3.510000,3.810000,AMC
1606111200000000000,37.500000,39.360001,XOM
1606111200000000000,65.309998,64.809998,NHI
1606197600000000000,102.879997,103.959999,ABBV
1606197600000000000,14.230000,13.670000,GME
1606197600000000000,151.740005,151.360001,WMT
1606197600000000000,26.360001,26.850000,BGS
1606197600000000000,4.160000,4.580000,AMC
1606197600000000000,40.509998,41.980000,XOM
1606197600000000000,65.769997,66.800003,NHI
1606284000000000000,103.820000,104.199997,ABBV
1606284000000000000,13.600000,14.750000,GME
1606284000000000000,151.250000,151.830002,WMT
1606284000000000000,26.900000,26.370001,BGS
1606284000000000000,4.570000,4.490000,AMC
1606284000000000000,41.669998,40.810001,XOM
1606284000000000000,66.769997,66.199997,NHI
1606456800000000000,104.980003,104.889999,ABBV
1606456800000000000,15.290000,16.080000,GME
1606456800000000000,152.149994,151.600006,WMT
1606456800000000000,26.400000,26.830000,BGS
1606456800000000000,4.540000,4.450000,AMC
1606456800000000000,40.700001,40.189999,XOM
1606456800000000000,66.800003,65.699997,NHI
1606716000000000000,105.120003,104.580002,ABBV
1606716000000000000,151.600006,152.789993,WMT
1606716000000000000,18.170000,16.559999,GME
1606716000000000000,27.010000,27.690001,BGS
1606716000000000000,39.799999,38.130001,XOM
1606716000000000000,4.410000,4.270000,AMC
1606716000000000000,65.510002,64.660004,NHI
1606802400000000000,105.050003,104.040001,ABBV
1606802400000000000,153.600006,152.639999,WMT
1606802400000000000,17.110001,15.800000,GME
1606802400000000000,27.700001,27.459999,BGS
1606802400000000000,38.959999,38.500000,XOM
1606802400000000000,4.430000,4.150000,AMC
1606802400000000000,65.309998,65.459999,NHI
1606888800000000000,104.000000,104.989998,ABBV
1606888800000000000,15.700000,16.580000,GME
1606888800000000000,152.000000,150.520004,WMT
1606888800000000000,27.450001,26.770000,BGS
1606888800000000000,38.389999,39.939999,XOM
1606888800000000000,4.080000,4.320000,AMC
1606888800000000000,64.889999,65.709999,NHI
1606975200000000000,105.000000,104.739998,ABBV
1606975200000000000,150.279999,149.300003,WMT
1606975200000000000,16.480000,16.120001,GME
1606975200000000000,26.750000,27.400000,BGS
1606975200000000000,4.010000,3.630000,AMC
1606975200000000000,40.070000,40.209999,XOM
1606975200000000000,65.750000,66.110001,NHI
1607061600000000000,105.019997,107.279999,ABBV
1607061600000000000,149.509995,148.910004,WMT
1607061600000000000,16.299999,16.900000,GME
1607061600000000000,27.450001,27.639999,BGS
1607061600000000000,3.750000,3.510000,AMC
1607061600000000000,40.770000,41.680000,XOM
1607061600000000000,66.730003,66.500000,NHI
1607320800000000000,107.040001,105.839996,ABBV
1607320800000000000,148.460007,148.110001,WMT
1607320800000000000,17.000000,16.350000,GME
1607320800000000000,27.670000,27.580000,BGS
1607320800000000000,3.450000,3.560000,AMC
1607320800000000000,41.419998,40.900002,XOM
1607320800000000000,66.269997,66.389999,NHI
1607407200000000000,105.699997,107.690002,ABBV
1607407200000000000,147.360001,149.449997,WMT
1607407200000000000,16.370001,16.940001,GME
1607407200000000000,27.690001,28.770000,BGS
1607407200000000000,3.610000,3.980000,AMC
1607407200000000000,40.529999,42.240002,XOM
1607407200000000000,66.370003,66.910004,NHI
1607493600000000000,107.900002,108.669998,ABBV
1607493600000000000,13.920000,13.660000,GME
1607493600000000000,150.000000,148.270004,WMT
1607493600000000000,28.920000,28.680000,BGS
1607493600000000000,4.220000,3.860000,AMC
1607493600000000000,42.709999,42.799999,XOM
1607493600000000000,67.070000,67.870003,NHI
1607580000000000000,109.059998,107.489998,ABBV
1607580000000000000,13.120000,14.120000,GME
1607580000000000000,147.750000,147.039993,WMT
1607580000000000000,28.700001,29.190001,BGS
1607580000000000000,3.790000,4.090000,AMC
1607580000000000000,43.200001,44.009998,XOM
1607580000000000000,67.400002,66.430000,NHI
1607666400000000000,107.010002,106.339996,ABBV
1607666400000000000,13.910000,13.310000,GME
1607666400000000000,146.919998,147.000000,WMT
1607666400000000000,29.270000,29.389999,BGS
1607666400000000000,4.040000,3.920000,AMC
1607666400000000000,43.700001,43.799999,XOM
1607666400000000000,66.160004,67.029999,NHI
1607925600000000000,107.430000,104.199997,ABBV
1607925600000000000,13.340000,12.720000,GME
1607925600000000000,147.699997,145.649994,WMT
1607925600000000000,29.440001,29.090000,BGS
1607925600000000000,4.010000,3.190000,AMC
1607925600000000000,44.340000,42.220001,XOM
1607925600000000000,68.309998,66.779999,NHI
1608012000000000000,105.440002,102.820000,ABBV
1608012000000000000,12.780000,13.850000,GME
1608012000000000000,145.520004,145.580002,WMT
1608012000000000000,29.230000,29.160000,BGS
1608012000000000000,3.240000,2.860000,AMC
1608012000000000000,42.439999,43.040001,XOM
1608012000000000000,67.650002,68.750000,NHI
1608098400000000000,102.500000,104.639999,ABBV
1608098400000000000,13.960000,13.850000,GME
1608098400000000000,146.240005,145.429993,WMT
1608098400000000000,2.870000,2.780000,AMC
1608098400000000000,29.250000,29.370001,BGS
1608098400000000000,43.750000,43.700001,XOM
1608098400000000000,69.050003,68.820000,NHI
1608184800000000000,104.860001,104.889999,ABBV
1608184800000000000,13.960000,14.830000,GME
1608184800000000000,146.059998,146.100006,WMT
1608184800000000000,2.800000,2.850000,AMC
1608184800000000000,29.629999,29.440001,BGS
1608184800000000000,44.000000,43.480000,XOM
1608184800000000000,68.940002,69.870003,NHI
1608271200000000000,105.029999,104.449997,ABBV
1608271200000000000,146.619995,145.949997,WMT
1608271200000000000,15.780000,15.630000,GME
1608271200000000000,2.850000,2.800000,AMC
1608271200000000000,29.510000,29.840000,BGS
1608271200000000000,43.270000,42.730000,XOM
1608271200000000000,70.230003,70.050003,NHI
1608530400000000000,102.760002,103.709999,ABBV
1608530400000000000,145.500000,145.970001,WMT
1608530400000000000,15.810000,15.530000,GME
1608530400000000000,2.610000,2.680000,AMC
1608530400000000000,29.950001,30.250000,BGS
1608530400000000000,41.110001,41.950001,XOM
1608530400000000000,69.300003,69.339996,NHI
1608616800000000000,103.410004,102.800003,ABBV
1608616800000000000,145.149994,144.199997,WMT
1608616800000000000,16.219999,19.459999,GME
1608616800000000000,2.730000,2.590000,AMC
1608616800000000000,30.250000,31.000000,BGS
1608616800000000000,41.580002,41.240002,XOM
1608616800000000000,69.400002,70.050003,NHI
1608703200000000000,103.059998,103.279999,ABBV
1608703200000000000,143.539993,143.220001,WMT
1608703200000000000,2.580000,2.560000,AMC
1608703200000000000,20.170000,20.570000,GME
1608703200000000000,31.430000,30.900000,BGS
1608703200000000000,41.509998,41.770000,XOM
1608703200000000000,70.410004,69.550003,NHI
1608789600000000000,103.110001,103.260002,ABBV
1608789600000000000,143.539993,143.500000,WMT
1608789600000000000,2.590000,2.510000,AMC
1608789600000000000,21.010000,20.150000,GME
1608789600000000000,30.990000,30.490000,BGS
1608789600000000000,41.650002,41.599998,XOM
1608789600000000000,69.800003,69.709999,NHI
1609135200000000000,103.650002,103.449997,ABBV
1609135200000000000,144.039993,145.220001,WMT
1609135200000000000,2.630000,2.390000,AMC
1609135200000000000,21.309999,20.990000,GME
1609135200000000000,30.700001,30.230000,BGS
1609135200000000000,41.689999,41.740002,XOM
1609135200000000000,70.000000,71.040001,NHI
1609221600000000000,103.949997,104.699997,ABBV
1609221600000000000,145.639999,144.300003,WMT
1609221600000000000,2.440000,2.290000,AMC
1609221600000000000,20.820000,19.379999,GME
1609221600000000000,30.250000,30.139999,BGS
1609221600000000000,42.040001,41.270000,XOM
1609221600000000000,71.110001,70.489998,NHI
1609308000000000000,105.110001,105.269997,ABBV
1609308000000000000,144.880005,144.179993,WMT
1609308000000000000,19.379999,19.260000,GME
1609308000000000000,2.300000,2.160000,AMC
1609308000000000000,29.760000,28.150000,BGS
1609308000000000000,41.330002,41.599998,XOM
1609308000000000000,69.500000,69.309998,NHI
1609394400000000000,105.260002,107.150002,ABBV
1609394400000000000,144.199997,144.149994,WMT
1609394400000000000,19.250000,18.840000,GME
1609394400000000000,2.170000,2.120000,AMC
1609394400000000000,28.309999,27.730000,BGS
1609394400000000000,41.470001,41.220001,XOM
1609394400000000000,69.110001,69.169998,NHI
1609740000000000000,107.180000,105.410004,ABBV
1609740000000000000,144.300003,146.529999,WMT
1609740000000000000,19.000000,17.250000,GME
1609740000000000000,2.200000,2.010000,AMC
1609740000000000000,27.680000,27.700001,BGS
1609740000000000000,41.450001,41.500000,XOM
1609740000000000000,69.199997,66.589996,NHI
1609826400000000000,1.990000,1.980000,AMC
1609826400000000000,105.410004,106.500000,ABBV
1609826400000000000,146.600006,145.750000,WMT
1609826400000000000,17.350000,17.370001,GME
1609826400000000000,27.000000,26.719999,BGS
1609826400000000000,41.840000,43.500000,XOM
1609826400000000000,66.839996,67.330002,NHI
1609912800000000000,104.750000,105.580002,ABBV
1609912800000000000,145.089996,146.660004,WMT
1609912800000000000,17.340000,18.360001,GME
1609912800000000000,2.030000,2.010000,AMC
1609912800000000000,27.250000,27.500000,BGS
1609912800000000000,44.410000,44.610001,XOM
1609912800000000000,68.099998,68.769997,NHI
1609999200000000000,106.110001,106.709999,ABBV
1609999200000000000,147.619995,146.649994,WMT
1609999200000000000,18.469999,18.080000,GME
1609999200000000000,2.080000,2.050000,AMC
1609999200000000000,27.700001,27.930000,BGS
1609999200000000000,45.000000,44.959999,XOM
1609999200000000000,68.290001,66.839996,NHI
1610085600000000000,106.839996,107.269997,ABBV
1610085600000000000,146.880005,146.630005,WMT
1610085600000000000,18.180000,17.690001,GME
1610085600000000000,2.090000,2.140000,AMC
1610085600000000000,28.030001,27.629999,BGS
1610085600000000000,45.200001,45.459999,XOM
1610085600000000000,65.680000,66.620003,NHI
1610344800000000000,107.070000,109.019997,ABBV
1610344800000000000,146.000000,147.289993,WMT
1610344800000000000,19.410000,19.940001,GME
1610344800000000000,2.160000,2.200000,AMC
1610344800000000000,27.629999,27.280001,BGS
1610344800000000000,45.040001,46.840000,XOM
1610344800000000000,66.510002,65.529999,NHI
1610431200000000000,109.220001,109.779999,ABBV
1610431200000000000,149.000000,148.970001,WMT
1610431200000000000,19.959999,19.950001,GME
1610431200000000000,2.240000,2.290000,AMC
1610431200000000000,27.299999,26.660000,BGS
1610431200000000000,47.459999,47.880001,XOM
1610431200000000000,65.830002,66.190002,NHI
1610517600000000000,109.800003,112.449997,ABBV
1610517600000000000,148.750000,147.449997,WMT
1610517600000000000,2.330000,2.180000,AMC
1610517600000000000,20.420000,31.400000,GME
1610517600000000000,26.660000,27.270000,BGS
1610517600000000000,48.529999,48.419998,XOM
1610517600000000000,65.250000,66.919998,NHI
1610604000000000000,110.699997,111.629997,ABBV
1610604000000000000,147.820007,146.970001,WMT
1610604000000000000,2.220000,2.180000,AMC
1610604000000000000,27.320000,28.020000,BGS
1610604000000000000,38.090000,39.910000,GME
1610604000000000000,48.500000,50.310001,XOM
1610604000000000000,67.639999,67.269997,NHI
1610690400000000000,111.199997,110.519997,ABBV
1610690400000000000,145.139999,144.639999,WMT
1610690400000000000,2.200000,2.330000,AMC
1610690400000000000,28.040001,28.230000,BGS
1610690400000000000,38.490002,35.500000,GME
1610690400000000000,48.910000,47.889999,XOM
1610690400000000000,66.940002,67.849998,NHI
1611036000000000000,111.250000,112.180000,ABBV
1611036000000000000,144.639999,143.389999,WMT
1611036000000000000,2.800000,3.060000,AMC
1611036000000000000,28.440001,29.379999,BGS
1611036000000000000,41.549999,39.360001,GME
1611036000000000000,48.450001,48.840000,XOM
1611036000000000000,68.250000,65.660004,NHI
1611122400000000000,112.910004,112.620003,ABBV
1611122400000000000,143.589996,145.509995,WMT
1611122400000000000,29.520000,29.620001,BGS
1611122400000000000,3.290000,2.970000,AMC
1611122400000000000,37.369999,39.119999,GME
1611122400000000000,49.110001,49.529999,XOM
1611122400000000000,65.690002,66.540001,NHI
1611208800000000000,112.629997,111.260002,ABBV
1611208800000000000,145.360001,144.850006,WMT
1611208800000000000,29.620001,29.580000,BGS
1611208800000000000,3.000000,2.980000,AMC
1611208800000000000,39.230000,43.029999,GME
1611208800000000000,49.330002,48.110001,XOM
1611208800000000000,66.199997,65.830002,NHI
1611295200000000000,110.650002,110.860001,ABBV
1611295200000000000,145.600006,146.330002,WMT
1611295200000000000,2.910000,3.510000,AMC
1611295200000000000,29.570000,30.049999,BGS
1611295200000000000,42.590000,65.010002,GME
1611295200000000000,47.009998,47.430000,XOM
1611295200000000000,65.419998,66.790001,NHI
1611554400000000000,109.730003,110.500000,ABBV
1611554400000000000,145.360001,146.199997,WMT
1611554400000000000,31.500000,34.029999,BGS
1611554400000000000,4.710000,4.420000,AMC
1611554400000000000,46.900002,46.900002,XOM
1611554400000000000,66.790001,66.989998,NHI
1611554400000000000,96.730003,76.790001,GME
1611640800000000000,111.300003,108.800003,ABBV
1611640800000000000,145.630005,147.509995,WMT
1611640800000000000,34.250000,37.560001,BGS
1611640800000000000,47.259998,45.869999,XOM
1611640800000000000,5.090000,4.960000,AMC
1611640800000000000,67.070000,66.309998,NHI
1611640800000000000,88.559998,147.979996,GME
1611727200000000000,106.279999,102.790001,ABBV
1611727200000000000,146.960007,143.839996,WMT
1611727200000000000,20.340000,19.900000,AMC
1611727200000000000,354.829987,347.510010,GME
1611727200000000000,37.560001,41.049999,BGS
1611727200000000000,45.000000,45.349998,XOM
1611727200000000000,65.680000,64.760002,NHI
1611813600000000000,104.000000,104.209999,ABBV
1611813600000000000,11.980000,8.630000,AMC
1611813600000000000,144.460007,143.750000,WMT
1611813600000000000,265.000000,193.600006,GME
1611813600000000000,40.220001,37.509998,BGS
1611813600000000000,45.939999,46.060001,XOM
1611813600000000000,64.860001,65.610001,NHI
1611900000000000000,104.000000,102.480003,ABBV
1611900000000000000,14.310000,13.260000,AMC
1611900000000000000,143.179993,140.490005,WMT
1611900000000000000,379.709991,325.000000,GME
1611900000000000000,38.650002,38.080002,BGS
1611900000000000000,45.549999,44.840000,XOM
1611900000000000000,65.610001,64.839996,NHI
1612159200000000000,103.000000,102.300003,ABBV
1612159200000000000,140.910004,139.270004,WMT
1612159200000000000,17.000000,13.300000,AMC
1612159200000000000,316.559998,225.000000,GME
1612159200000000000,37.779999,37.330002,BGS
1612159200000000000,45.580002,44.919998,XOM
1612159200000000000,65.000000,67.320000,NHI
1612245600000000000,102.879997,103.470001,ABBV
1612245600000000000,139.759995,140.770004,WMT
1612245600000000000,140.759995,90.000000,GME
1612245600000000000,36.779999,32.360001,BGS
1612245600000000000,45.810001,45.630001,XOM
1612245600000000000,67.589996,67.110001,NHI
1612245600000000000,9.480000,7.820000,AMC
1612332000000000000,106.199997,106.949997,ABBV
1612332000000000000,112.010002,92.410004,GME
1612332000000000000,140.660004,141.199997,WMT
1612332000000000000,32.340000,32.840000,BGS
1612332000000000000,45.630001,47.419998,XOM
1612332000000000000,66.489998,67.169998,NHI
1612332000000000000,8.850000,8.970000,AMC
1612418400000000000,106.870003,108.529999,ABBV
1612418400000000000,141.789993,142.529999,WMT
1612418400000000000,32.799999,32.490002,BGS
1612418400000000000,47.880001,48.330002,XOM
1612418400000000000,67.349998,68.120003,NHI
1612418400000000000,8.700000,7.090000,AMC
1612418400000000000,91.190002,53.500000,GME
1612504800000000000,109.629997,108.730003,ABBV
1612504800000000000,143.460007,144.360001,WMT
1612504800000000000,32.529999,32.599998,BGS
1612504800000000000,49.180000,49.950001,XOM
1612504800000000000,54.040001,63.770000,GME
1612504800000000000,68.400002,68.440002,NHI
1612504800000000000,7.170000,6.830000,AMC
1612764000000000000,108.889999,106.839996,ABBV
1612764000000000000,144.809998,145.029999,WMT
1612764000000000000,33.130001,33.279999,BGS
1612764000000000000,50.919998,52.099998,XOM
1612764000000000000,6.880000,6.180000,AMC
1612764000000000000,68.309998,68.000000,NHI
1612764000000000000,72.410004,60.000000,GME
1612850400000000000,106.000000,105.400002,ABBV
1612850400000000000,144.580002,145.830002,WMT
1612850400000000000,33.500000,33.139999,BGS
1612850400000000000,5.810000,5.500000,AMC
1612850400000000000,50.669998,50.630001,XOM
1612850400000000000,56.610001,50.310001,GME
1612850400000000000,68.269997,68.910004,NHI
1612936800000000000,105.980003,104.050003,ABBV
1612936800000000000,145.830002,144.130005,WMT
1612936800000000000,33.349998,33.000000,BGS
1612936800000000000,5.710000,5.800000,AMC
1612936800000000000,50.630001,51.119999,XOM
1612936800000000000,50.770000,51.200001,GME
1612936800000000000,69.250000,69.669998,NHI
1613023200000000000,104.570000,103.750000,ABBV
1613023200000000000,144.139999,144.020004,WMT
1613023200000000000,33.000000,32.770000,BGS
1613023200000000000,5.620000,5.610000,AMC
1613023200000000000,50.009998,51.099998,GME
1613023200000000000,50.889999,49.840000,XOM
1613023200000000000,69.779999,70.470001,NHI
1613109600000000000,103.760002,104.440002,ABBV
1613109600000000000,144.160004,144.470001,WMT
1613109600000000000,32.759998,32.599998,BGS
1613109600000000000,49.430000,50.520000,XOM
1613109600000000000,5.720000,5.590000,AMC
1613109600000000000,50.750000,52.400002,GME
1613109600000000000,70.220001,70.080002,NHI
1613455200000000000,105.330002,104.199997,ABBV
1613455200000000000,145.940002,145.660004,WMT
1613455200000000000,32.700001,31.230000,BGS
1613455200000000000,51.959999,52.040001,XOM
1613455200000000000,52.660000,49.509998,GME
1613455200000000000,6.030000,5.650000,AMC
1613455200000000000,70.500000,68.989998,NHI
1613541600000000000,104.699997,106.290001,ABBV
1613541600000000000,144.649994,147.199997,WMT
1613541600000000000,31.290001,31.549999,BGS
1613541600000000000,49.770000,45.939999,GME
1613541600000000000,5.580000,5.550000,AMC
1613541600000000000,52.349998,52.849998,XOM
1613541600000000000,68.669998,68.220001,NHI
1613628000000000000,105.320000,106.059998,ABBV
1613628000000000000,139.000000,137.660004,WMT
1613628000000000000,31.690001,30.889999,BGS
1613628000000000000,48.490002,40.689999,GME
1613628000000000000,5.840000,5.510000,AMC
1613628000000000000,52.810001,52.020000,XOM
1613628000000000000,68.000000,68.360001,NHI
1613714400000000000,106.230003,105.010002,ABBV
1613714400000000000,137.800003,138.339996,WMT
1613714400000000000,30.930000,31.040001,BGS
1613714400000000000,41.279999,40.590000,GME
1613714400000000000,5.540000,5.700000,AMC
1613714400000000000,52.110001,52.369999,XOM
1613714400000000000,68.599998,68.230003,NHI
1613973600000000000,104.660004,107.059998,ABBV
1613973600000000000,137.740005,137.690002,WMT
1613973600000000000,31.040001,30.900000,BGS
1613973600000000000,46.689999,46.000000,GME
1613973600000000000,5.930000,6.550000,AMC
1613973600000000000,52.590000,54.299999,XOM
1613973600000000000,68.230003,69.790001,NHI
1614060000000000000,106.970001,106.269997,ABBV
1614060000000000000,137.110001,135.470001,WMT
1614060000000000000,30.600000,31.559999,BGS
1614060000000000000,44.970001,44.970001,GME
1614060000000000000,54.980000,55.049999,XOM
1614060000000000000,6.970000,7.700000,AMC
1614060000000000000,69.029999,67.800003,NHI
1614146400000000000,106.000000,108.690002,ABBV
1614146400000000000,135.869995,133.210007,WMT
1614146400000000000,31.840000,31.309999,BGS
1614146400000000000,44.700001,91.709999,GME
1614146400000000000,55.189999,56.700001,XOM
1614146400000000000,67.809998,70.910004,NHI
1614146400000000000,7.230000,9.090000,AMC
1614232800000000000,10.890000,8.290000,AMC
1614232800000000000,108.480003,107.330002,ABBV
1614232800000000000,133.100006,131.949997,WMT
1614232800000000000,169.559998,108.730003,GME
1614232800000000000,31.870001,31.020000,BGS
1614232800000000000,56.980000,55.759998,XOM
1614232800000000000,71.279999,69.199997,NHI
1614319200000000000,107.680000,107.739998,ABBV
1614319200000000000,117.459999,101.739998,GME
1614319200000000000,131.479996,129.919998,WMT
1614319200000000000,31.170000,30.330000,BGS
1614319200000000000,54.410000,54.369999,XOM
1614319200000000000,69.349998,68.269997,NHI
1614319200000000000,8.190000,8.010000,AMC
1614578400000000000,104.540001,120.400002,GME
1614578400000000000,108.529999,108.410004,ABBV
1614578400000000000,131.580002,131.369995,WMT
1614578400000000000,30.620001,30.790001,BGS
1614578400000000000,56.470001,56.400002,XOM
1614578400000000000,69.660004,69.000000,NHI
1614578400000000000,8.860000,9.180000,AMC
1614664800000000000,108.849998,107.849998,ABBV
1614664800000000000,116.930000,118.180000,GME
1614664800000000000,131.509995,130.110001,WMT
1614664800000000000,30.969999,30.400000,BGS
1614664800000000000,56.650002,56.070000,XOM
1614664800000000000,68.750000,68.930000,NHI
1614664800000000000,9.140000,8.930000,AMC
1614751200000000000,106.860001,106.709999,ABBV
1614751200000000000,122.510002,124.180000,GME
1614751200000000000,129.500000,127.589996,WMT
1614751200000000000,28.280001,28.209999,BGS
1614751200000000000,56.419998,56.520000,XOM
1614751200000000000,68.940002,70.040001,NHI
1614751200000000000,8.950000,8.580000,AMC
1614837600000000000,106.500000,105.650002,ABBV
1614837600000000000,125.000000,132.350006,GME
1614837600000000000,127.860001,127.529999,WMT
1614837600000000000,28.080000,28.200001,BGS
1614837600000000000,57.119999,58.709999,XOM
1614837600000000000,70.110001,70.120003,NHI
1614837600000000000,8.250000,8.030000,AMC
1614924000000000000,106.010002,106.699997,ABBV
1614924000000000000,126.830002,129.119995,WMT
1614924000000000000,128.169998,137.740005,GME
1614924000000000000,28.410000,30.070000,BGS
1614924000000000000,59.830002,60.930000,XOM
1614924000000000000,70.760002,71.040001,NHI
1614924000000000000,8.080000,8.050000,AMC
1615183200000000000,106.849998,106.110001,ABBV
1615183200000000000,129.330002,127.879997,WMT
1615183200000000000,154.889999,194.500000,GME
1615183200000000000,30.250000,30.600000,BGS
1615183200000000000,61.580002,60.869999,XOM
1615183200000000000,71.660004,73.470001,NHI
1615183200000000000,8.530000,9.290000,AMC
1615269600000000000,106.480003,106.790001,ABBV
1615269600000000000,128.800003,128.889999,WMT
1615269600000000000,217.710007,246.899994,GME
1615269600000000000,31.000000,30.850000,BGS
1615269600000000000,60.610001,59.930000,XOM
1615269600000000000,73.389999,72.750000,NHI
1615269600000000000,9.380000,10.500000,AMC
1615356000000000000,107.389999,108.000000,ABBV
1615356000000000000,11.020000,9.850000,AMC
1615356000000000000,128.860001,132.179993,WMT
1615356000000000000,269.429993,265.000000,GME
1615356000000000000,31.629999,31.670000,BGS
1615356000000000000,60.520000,61.770000,XOM
1615356000000000000,72.870003,74.669998,NHI
1615442400000000000,10.650000,10.280000,AMC
1615442400000000000,108.129997,107.870003,ABBV
1615442400000000000,133.360001,132.130005,WMT
1615442400000000000,241.639999,260.000000,GME
1615442400000000000,32.000000,32.099998,BGS
1615442400000000000,61.779999,61.310001,XOM
1615442400000000000,74.760002,73.970001,NHI
1615528800000000000,10.160000,11.160000,AMC
1615528800000000000,107.800003,108.220001,ABBV
1615528800000000000,132.520004,134.119995,WMT
1615528800000000000,275.000000,264.500000,GME
1615528800000000000,32.189999,32.330002,BGS
1615528800000000000,61.549999,61.970001,XOM
1615528800000000000,74.099998,76.180000,NHI
1615784400000000000,108.669998,110.260002,ABBV
1615784400000000000,12.180000,14.040000,AMC
1615784400000000000,134.740005,133.429993,WMT
1615784400000000000,277.519989,220.139999,GME
1615784400000000000,32.430000,31.930000,BGS
1615784400000000000,61.490002,60.389999,XOM
1615784400000000000,76.320000,77.830002,NHI
1615870800000000000,109.949997,110.839996,ABBV
1615870800000000000,13.620000,13.020000,AMC
1615870800000000000,132.820007,133.389999,WMT
1615870800000000000,203.160004,208.169998,GME
1615870800000000000,31.910000,31.969999,BGS
1615870800000000000,59.540001,59.110001,XOM
1615870800000000000,77.690002,75.760002,NHI
1615957200000000000,103.760002,105.040001,ABBV
1615957200000000000,13.240000,13.560000,AMC
1615957200000000000,132.500000,132.279999,WMT
1615957200000000000,217.839996,209.809998,GME
1615957200000000000,31.860001,32.230000,BGS
1615957200000000000,58.689999,59.369999,XOM
1615957200000000000,75.550003,76.480003,NHI
1616043600000000000,104.000000,103.769997,ABBV
1616043600000000000,131.160004,130.009995,WMT
1616043600000000000,14.340000,14.000000,AMC
1616043600000000000,214.000000,201.750000,GME
1616043600000000000,32.410000,31.719999,BGS
1616043600000000000,58.810001,56.810001,XOM
1616043600000000000,76.190002,75.339996,NHI
1616130000000000000,103.930000,103.419998,ABBV
1616130000000000000,130.130005,131.740005,WMT
1616130000000000000,14.140000,13.930000,AMC
1616130000000000000,195.729996,200.270004,GME
1616130000000000000,31.889999,33.060001,BGS
1616130000000000000,56.709999,56.490002,XOM
1616130000000000000,75.349998,73.669998,NHI
1616389200000000000,103.500000,105.900002,ABBV
1616389200000000000,13.150000,12.490000,AMC
1616389200000000000,131.000000,132.369995,WMT
1616389200000000000,205.259995,194.490005,GME
1616389200000000000,32.590000,33.369999,BGS
1616389200000000000,56.500000,55.910000,XOM
1616389200000000000,73.620003,73.199997,NHI
1616475600000000000,105.370003,104.839996,ABBV
1616475600000000000,11.460000,10.660000,AMC
1616475600000000000,131.710007,133.940002,WMT
1616475600000000000,197.500000,181.750000,GME
1616475600000000000,33.270000,32.860001,BGS
1616475600000000000,54.939999,55.220001,XOM
1616475600000000000,72.629997,73.269997,NHI
1616562000000000000,10.820000,9.020000,AMC
1616562000000000000,104.820000,103.059998,ABBV
1616562000000000000,134.429993,133.110001,WMT
1616562000000000000,157.979996,120.339996,GME
1616562000000000000,32.860001,31.570000,BGS
1616562000000000000,56.080002,56.340000,XOM
1616562000000000000,73.279999,73.379997,NHI
1616648400000000000,102.900002,103.879997,ABBV
1616648400000000000,123.489998,183.750000,GME
1616648400000000000,133.259995,134.009995,WMT
1616648400000000000,31.730000,32.580002,BGS
1616648400000000000,55.209999,56.180000,XOM
1616648400000000000,73.250000,73.790001,NHI
1616648400000000000,8.960000,10.940000,AMC
1616734800000000000,103.870003,105.980003,ABBV
1616734800000000000,11.270000,10.240000,AMC
1616734800000000000,134.000000,135.130005,WMT
1616734800000000000,197.679993,181.000000,GME
1616734800000000000,32.869999,33.439999,BGS
1616734800000000000,57.299999,57.709999,XOM
1616734800000000000,74.459999,76.129997,NHI
1616994000000000000,10.320000,10.350000,AMC
1616994000000000000,105.760002,106.730003,ABBV
1616994000000000000,135.000000,136.669998,WMT
1616994000000000000,180.750000,181.300003,GME
1616994000000000000,33.200001,32.520000,BGS
1616994000000000000,57.340000,57.400002,XOM
1616994000000000000,76.150002,74.570000,NHI
1617080400000000000,10.310000,10.350000,AMC
1617080400000000000,106.860001,106.790001,ABBV
1617080400000000000,136.330002,135.740005,WMT
1617080400000000000,187.500000,194.460007,GME
1617080400000000000,32.230000,31.459999,BGS
1617080400000000000,56.860001,56.689999,XOM
1617080400000000000,72.779999,72.870003,NHI
1617166800000000000,10.400000,10.210000,AMC
1617166800000000000,106.879997,108.220001,ABBV
1617166800000000000,135.550003,135.830002,WMT
1617166800000000000,197.500000,189.820007,GME
1617166800000000000,31.580000,31.059999,BGS
1617166800000000000,56.349998,55.830002,XOM
1617166800000000000,72.669998,72.279999,NHI
1617253200000000000,10.230000,9.360000,AMC
1617253200000000000,108.919998,108.519997,ABBV
1617253200000000000,135.940002,135.619995,WMT
1617253200000000000,193.360001,191.449997,GME
1617253200000000000,31.000000,30.280001,BGS
1617253200000000000,56.320000,57.389999,XOM
1617253200000000000,72.699997,74.849998,NHI
1617598800000000000,10.100000,10.610000,AMC
1617598800000000000,109.080002,106.139999,ABBV
1617598800000000000,136.720001,139.429993,WMT
1617598800000000000,171.000000,186.949997,GME
1617598800000000000,30.230000,30.340000,BGS
1617598800000000000,57.299999,56.500000,XOM
1617598800000000000,75.010002,74.669998,NHI
1617685200000000000,10.400000,10.200000,AMC
1617685200000000000,105.849998,105.379997,ABBV
1617685200000000000,139.110001,140.100006,WMT
1617685200000000000,185.210007,184.500000,GME
1617685200000000000,30.350000,30.370001,BGS
1617685200000000000,56.840000,56.340000,XOM
1617685200000000000,74.730003,74.519997,NHI
1617771600000000000,10.070000,9.850000,AMC
1617771600000000000,105.529999,105.209999,ABBV
1617771600000000000,140.300003,139.800003,WMT
1617771600000000000,183.220001,177.970001,GME
1617771600000000000,30.500000,30.190001,BGS
1617771600000000000,56.389999,56.590000,XOM
1617771600000000000,74.769997,74.169998,NHI
1617858000000000000,10.010000,9.790000,AMC
1617858000000000000,105.400002,106.099998,ABBV
1617858000000000000,140.449997,139.710007,WMT
1617858000000000000,185.880005,170.259995,GME
1617858000000000000,30.209999,29.750000,BGS
1617858000000000000,55.930000,56.000000,XOM
1617858000000000000,74.230003,74.610001,NHI
1617944400000000000,106.389999,107.540001,ABBV
1617944400000000000,139.630005,139.779999,WMT
1617944400000000000,169.699997,158.360001,GME
1617944400000000000,29.580000,29.530001,BGS
1617944400000000000,56.000000,55.869999,XOM
1617944400000000000,74.510002,74.290001,NHI
1617944400000000000,9.600000,9.420000,AMC
1618203600000000000,107.820000,108.250000,ABBV
1618203600000000000,140.070007,139.800003,WMT
1618203600000000000,158.110001,141.089996,GME
1618203600000000000,29.680000,30.010000,BGS
1618203600000000000,56.759998,55.500000,XOM
1618203600000000000,74.440002,74.370003,NHI
1618203600000000000,9.440000,8.620000,AMC
1618290000000000000,108.029999,108.220001,ABBV
1618290000000000000,139.800003,139.369995,WMT
1618290000000000000,141.880005,140.990005,GME
1618290000000000000,30.000000,29.680000,BGS
1618290000000000000,55.299999,55.709999,XOM
1618290000000000000,74.480003,74.370003,NHI
1618290000000000000,8.660000,8.840000,AMC
1618376400000000000,106.220001,105.900002,ABBV
1618376400000000000,139.119995,139.320007,WMT
1618376400000000000,143.570007,166.529999,GME
1618376400000000000,29.680000,29.740000,BGS
1618376400000000000,56.410000,57.320000,XOM
1618376400000000000,74.250000,73.589996,NHI
1618376400000000000,9.000000,9.350000,AMC
1618462800000000000,105.989998,106.889999,ABBV
1618462800000000000,139.399994,140.160004,WMT
1618462800000000000,163.000000,156.440002,GME
1618462800000000000,29.910000,29.889999,BGS
1618462800000000000,57.419998,56.980000,XOM
1618462800000000000,73.910004,74.610001,NHI
1618462800000000000,9.880000,9.900000,AMC
1618549200000000000,10.000000,9.330000,AMC
1618549200000000000,107.489998,107.910004,ABBV
1618549200000000000,140.889999,140.610001,WMT
1618549200000000000,156.000000,154.690002,GME
1618549200000000000,29.750000,30.070000,BGS
1618549200000000000,57.360001,56.660000,XOM
1618549200000000000,75.010002,73.809998,NHI
1618808400000000000,107.970001,108.610001,ABBV
1618808400000000000,140.289993,139.710007,WMT
1618808400000000000,171.800003,164.369995,GME
1618808400000000000,30.139999,30.170000,BGS
1618808400000000000,56.750000,56.480000,XOM
1618808400000000000,73.849998,73.269997,NHI
1618808400000000000,9.480000,9.660000,AMC
1618894800000000000,108.120003,109.029999,ABBV
1618894800000000000,139.419998,140.789993,WMT
1618894800000000000,164.139999,158.529999,GME
1618894800000000000,30.000000,30.260000,BGS
1618894800000000000,56.470001,55.290001,XOM
1618894800000000000,73.110001,73.669998,NHI
1618894800000000000,9.700000,9.280000,AMC
1618981200000000000,109.790001,110.800003,ABBV
1618981200000000000,140.770004,141.199997,WMT
1618981200000000000,158.399994,158.509995,GME
1618981200000000000,30.340000,30.490000,BGS
1618981200000000000,54.500000,56.000000,XOM
1618981200000000000,73.879997,74.540001,NHI
1618981200000000000,9.250000,9.780000,AMC
1619067600000000000,110.650002,110.050003,ABBV
1619067600000000000,141.080002,139.669998,WMT
1619067600000000000,159.100006,151.169998,GME
1619067600000000000,30.459999,30.389999,BGS
1619067600000000000,55.990002,55.270000,XOM
1619067600000000000,74.680000,73.290001,NHI
1619067600000000000,9.950000,9.990000,AMC
1619154000000000000,10.090000,10.160000,AMC
1619154000000000000,109.709999,111.379997,ABBV
1619154000000000000,139.100006,139.899994,WMT
1619154000000000000,149.000000,151.179993,GME
1619154000000000000,30.330000,29.830000,BGS
1619154000000000000,55.270000,55.570000,XOM
1619154000000000000,73.739998,72.690002,NHI
1619413200000000000,10.690000,11.700000,AMC
1619413200000000000,111.559998,111.489998,ABBV
1619413200000000000,139.910004,137.910004,WMT
1619413200000000000,150.979996,171.500000,GME
1619413200000000000,29.990000,29.469999,BGS
1619413200000000000,55.470001,55.689999,XOM
1619413200000000000,73.290001,74.050003,NHI
